<?xml version="1.0" encoding="UTF-8" standalone="no"?>
<Entities>
    <ExtensionPackages>
        <ExtensionPackage dependsOn="" 
        description="" 
        minimumThingWorxVersion="5.4.0" 
        name="twx-wdg-knorrbremse-eventchartkb" 
        packageVersion="0.0.234" 
        vendor="PSC"> 
        </ExtensionPackage>
    </ExtensionPackages>
    <Widgets>
        <Widget name="eventchartkb">
            <UIResources>
                <FileResource description="" file="eventchartkb.ide.js" isDevelopment="true" isRuntime="false" type="JS"/>
                <FileResource description="" file="eventchartkb.ide.css" isDevelopment="true" isRuntime="false" type="CSS"/>
                <FileResource description="" file="eventchartkb.runtime.js" isDevelopment="false" isRuntime="true" type="JS"/>
                <FileResource description="" file="eventchartkb.runtime.css" isDevelopment="false" isRuntime="true" type="CSS"/>
                <FileResource description="Visavail" file="visavail.js" isDevelopment="false" isRuntime="true" type="JS"/>
                <FileResource description="Visavail CSS" file="visavail.css" isDevelopment="false" isRuntime="true" type="CSS"/>
                <FileResource type="JS" file="d3.min.js" description="" isDevelopment="false" isRuntime="true" />
            </UIResources>
        </Widget>
    </Widgets>
</Entities>
