<?xml version="1.0" encoding="UTF-8"?>
<Entities
 build="b2151"
 majorVersion="8"
 minorVersion="4"
 modelPersistenceProviderPackage="MssqlPersistenceProviderPackage"
 revision="2"
 schemaVersion="1040"
 universal="">
    <Projects>
        <Project
         dependsOn=""
         description=""
         documentationContent=""
         homeMashup=""
         lastModifiedDate="2019-04-18T15:18:04.217+02:00"
         name="PLM4Rail"
         packageVersion="1.0.0"
         projectName="PLM4Rail"
         tags="">
		 <Owner name="kumaprak" type="User"/>
            <avatar></avatar>
            <DesignTimePermissions>
                <Create></Create>
                <Read></Read>
                <Update></Update>
                <Delete></Delete>
                <Metadata></Metadata>
            </DesignTimePermissions>
            <RunTimePermissions></RunTimePermissions>
            <VisibilityPermissions>
                <Visibility></Visibility>
            </VisibilityPermissions>
			<ConfigurationChanges/>
            <ConfigurationTableDefinitions></ConfigurationTableDefinitions>
            <ConfigurationTables></ConfigurationTables>
        </Project>
    </Projects>
</Entities>
