<?xml version="1.0" encoding="UTF-8"?>
<Entities
 build="b2151"
 majorVersion="8"
 minorVersion="4"
 modelPersistenceProviderPackage="MssqlPersistenceProviderPackage"
 revision="2"
 schemaVersion="1040"
 universal="">
    <Users>
        <User
         description="KBPLM4RailWindchillAppKeyUser is the user associated to the appKey &quot;KBPLM4RailWindchillAppKey&quot;."
         documentationContent=""
         enabled="true"
         homeMashup=""
         lastModifiedDate="2019-08-22T18:09:36.673+02:00"
         locked="false"
         lockedTime="2018-05-28T10:44:09.329+02:00"
         mobileMashup=""
         name="KBPLM4RailWindchillAppKeyUser"
         passwordHash="100000:753b9029f68f8210d9d05b0aefa91e183bdf6d9a9bf404332edf8ba690b17200f05ef84cbf94fcf846eedc30c3cfc66fb931fcf0f77a453d243a2721d3798a4c:8415569141868ed41d36ecd9d7d0930e0621e5c6820c3403849d6ce9d35f48857f47c5269298c10d55dced4b0173675b6d1dd80f52f750401f6f4a1fd9411e5f"
         passwordHashAlgorithm="PBKDF2WithHmacSHA512"
         passwordHashIterationCount="100000"
         passwordHashSaltSizeInBytes="64"
         passwordHashSizeInBytes="64"
         projectName="StockLevelReportAndSupplierInformation"
         scimExternalId=""
         scimId=""
         tags="">
		 <Owner name="kumaprak" type="User"/>
            <avatar></avatar>
            <DesignTimePermissions>
                <Create></Create>
                <Read></Read>
                <Update></Update>
                <Delete></Delete>
                <Metadata></Metadata>
            </DesignTimePermissions>
            <RunTimePermissions></RunTimePermissions>
            <VisibilityPermissions>
                <Visibility></Visibility>
            </VisibilityPermissions>
			<ConfigurationChanges/>
            <ConfigurationTableDefinitions></ConfigurationTableDefinitions>
            <ConfigurationTables>
                <ConfigurationTable
                 description="UserExtensions"
                 isMultiRow="true"
                 name="UserExtensions"
                 ordinal="1">
                    <DataShape>
                        <FieldDefinitions>
                            <FieldDefinition
                             baseType="DATETIME"
                             description="Last update time"
                             name="lastUpdateTime"
                             ordinal="3"></FieldDefinition>
                            <FieldDefinition
                             aspect.isPrimaryKey="true"
                             baseType="STRING"
                             description="Name"
                             name="name"
                             ordinal="1"></FieldDefinition>
                            <FieldDefinition
                             baseType="STRING"
                             description="Value"
                             name="value"
                             ordinal="2"></FieldDefinition>
                        </FieldDefinitions>
                    </DataShape>
                    <Rows>
                        <Row>
                            <lastUpdateTime>1970-01-01T01:00:00.000+01:00</lastUpdateTime>
                            <name>
                            <![CDATA[
                            altEmailAddresses
                            ]]>
                            </name>
                            <value></value>
                        </Row>
                        <Row>
                            <lastUpdateTime>1970-01-01T01:00:00.000+01:00</lastUpdateTime>
                            <name>
                            <![CDATA[
                            lastName
                            ]]>
                            </name>
                            <value></value>
                        </Row>
                        <Row>
                            <lastUpdateTime>1970-01-01T01:00:00.000+01:00</lastUpdateTime>
                            <name>
                            <![CDATA[
                            zipCode
                            ]]>
                            </name>
                            <value></value>
                        </Row>
                        <Row>
                            <lastUpdateTime>1970-01-01T01:00:00.000+01:00</lastUpdateTime>
                            <name>
                            <![CDATA[
                            smsAddress
                            ]]>
                            </name>
                            <value></value>
                        </Row>
                        <Row>
                            <lastUpdateTime>1970-01-01T01:00:00.000+01:00</lastUpdateTime>
                            <name>
                            <![CDATA[
                            city
                            ]]>
                            </name>
                            <value></value>
                        </Row>
                        <Row>
                            <lastUpdateTime>1970-01-01T01:00:00.000+01:00</lastUpdateTime>
                            <name>
                            <![CDATA[
                            homePhone
                            ]]>
                            </name>
                            <value></value>
                        </Row>
                        <Row>
                            <lastUpdateTime>2019-07-02T14:48:43.642+02:00</lastUpdateTime>
                            <name>
                            <![CDATA[
                            notifyByEmail
                            ]]>
                            </name>
                            <value>false</value>
                        </Row>
                        <Row>
                            <lastUpdateTime>1970-01-01T01:00:00.000+01:00</lastUpdateTime>
                            <name>
                            <![CDATA[
                            fullName
                            ]]>
                            </name>
                            <value></value>
                        </Row>
                        <Row>
                            <lastUpdateTime>2019-07-02T14:48:43.642+02:00</lastUpdateTime>
                            <name>
                            <![CDATA[
                            notifyByMobilePhone
                            ]]>
                            </name>
                            <value>false</value>
                        </Row>
                        <Row>
                            <lastUpdateTime>1970-01-01T01:00:00.000+01:00</lastUpdateTime>
                            <name>
                            <![CDATA[
                            title
                            ]]>
                            </name>
                            <value></value>
                        </Row>
                        <Row>
                            <lastUpdateTime>1970-01-01T01:00:00.000+01:00</lastUpdateTime>
                            <name>
                            <![CDATA[
                            firstName
                            ]]>
                            </name>
                            <value></value>
                        </Row>
                        <Row>
                            <lastUpdateTime>1970-01-01T01:00:00.000+01:00</lastUpdateTime>
                            <name>
                            <![CDATA[
                            emailAddress
                            ]]>
                            </name>
                            <value></value>
                        </Row>
                        <Row>
                            <lastUpdateTime>1970-01-01T01:00:00.000+01:00</lastUpdateTime>
                            <name>
                            <![CDATA[
                            mobilePhone
                            ]]>
                            </name>
                            <value></value>
                        </Row>
                        <Row>
                            <lastUpdateTime>1970-01-01T01:00:00.000+01:00</lastUpdateTime>
                            <name>
                            <![CDATA[
                            mailingAddress
                            ]]>
                            </name>
                            <value></value>
                        </Row>
                        <Row>
                            <lastUpdateTime>1970-01-01T01:00:00.000+01:00</lastUpdateTime>
                            <name>
                            <![CDATA[
                            middleName
                            ]]>
                            </name>
                            <value></value>
                        </Row>
                        <Row>
                            <lastUpdateTime>1970-01-01T01:00:00.000+01:00</lastUpdateTime>
                            <name>
                            <![CDATA[
                            workPhone
                            ]]>
                            </name>
                            <value></value>
                        </Row>
                        <Row>
                            <lastUpdateTime>1970-01-01T01:00:00.000+01:00</lastUpdateTime>
                            <name>
                            <![CDATA[
                            state
                            ]]>
                            </name>
                            <value></value>
                        </Row>
                    </Rows>
                </ConfigurationTable>
                <ConfigurationTable
                 description="Settings"
                 isMultiRow="false"
                 name="Settings"
                 ordinal="2">
                    <DataShape>
                        <FieldDefinitions>
                            <FieldDefinition
                             aspect.defaultValue=""
                             aspect.isPrimaryKey="true"
                             baseType="STRING"
                             description="Primary language"
                             name="language"
                             ordinal="0"></FieldDefinition>
                        </FieldDefinitions>
                    </DataShape>
                    <Rows>
                        <Row>
                            <language></language>
                        </Row>
                    </Rows>
                </ConfigurationTable>
            </ConfigurationTables>
            <PersistentValues>
                <PersistentValue
                 name="IDE_History_MRU_Entities">
                <![CDATA[
                {"IDE_History_MRU_Entities":[{"entityDescription":"Advanced responsive mashup containing a label \"Excel export started..if the download is not started within a few minutes please refresh the page\"  for automatically exporting the output of type SapInfoDatashapeForExport by calling SAPMashupsHelperThing.","entityName":"SapInfoDirectExportMashup","entityType":"Mashups"},{"entityDescription":"Advanced responsive mashup containing a label \"Stock level\" in its header and an advanced treegrid in its body for showing the StockLevelInfoDatashape (by calling SAPMashupsHelperThing) in its body","entityName":"StockLevelInfoMashup","entityType":"Mashups"},{"entityName":"StockLevelReportAndSupplierInformation","entityType":"Projects"},{"entityDescription":"Implementation of thing template \"WindchillRestConnectorThingTemplate\" with necessary authentication information and REST information for Windchill prod instance.","entityName":"WindchillRestConnectorProdThing","entityType":"Things"},{"entityDescription":"Implementation of thing template \"WindchillRestConnectorThingTemplate\" with necessary authentication information and REST information for Windchill quality instance.","entityName":"WindchillRestConnectorQualityThing","entityType":"Things"},{"entityDescription":"Implementation of thing template \"SapSoapConnectorTemplate\" with authentication information and URL for SAP prod instance\n","entityName":"SapSoapConnectorProdThing","entityType":"Things"},{"entityDescription":"Implementation of thing template \"SapSoapConnectorTemplate\" with authentication information and URL for SAP quality instance.","entityName":"SapSoapConnectorQualityThing","entityType":"Things"},{"entityDescription":"Helper Thing for all SAP Mashups.\n1. Allows NOT to have a direct binding between SAPConnectors and Mashups\n2. Can easily be configured to work againts SAP&Windchill associated to ThingWorx PROD, TEST or DEV.","entityName":"SAPMashupsHelper","entityType":"Things"},{"entityDescription":"Stock Level info datashape","entityName":"StockLevelInfoDatashape","entityType":"DataShapes"},{"entityName":"Controls Engineer","entityType":"Groups"}]}
                ]]>
                </PersistentValue>
                <PersistentValue
                 name="IDE_LicenseClicked">
                <![CDATA[
                {"IDE_LicenseClicked":true}
                ]]>
                </PersistentValue>
                <PersistentValue
                 name="User_MashupFavorites">
                <![CDATA[
                {"rows":[{"items":[]}]}
                ]]>
                </PersistentValue>
                <PersistentValue
                 name="recentlyAccessed">
                <![CDATA[
                {"array":[{"isEditing":false,"mode":"read","name":"StockLevelReportAndSupplierInformation","projectName":"StockLevelReportAndSupplierInformation","projectTimestamp":1567094423144,"selected":false,"title":"Project:StockLevelReportAndSupplierInformation","type":"Project"},{"entityTimestamp":1567439341477,"isEditing":false,"mode":"read","name":"SapInfoDirectExportMashup","projectName":"StockLevelReportAndSupplierInformation","projectTimestamp":1567094423144,"selected":true,"title":"Mashup:SapInfoDirectExportMashup","type":"Mashup"},{"entityTimestamp":1567095110309,"isEditing":false,"mode":"read","name":"StockLevelInfoMashup","projectName":"StockLevelReportAndSupplierInformation","projectTimestamp":1567094423144,"selected":false,"title":"Mashup:StockLevelInfoMashup","type":"Mashup"},{"entityTimestamp":1567094929186,"isEditing":false,"mode":"read","name":"WindchillRestConnectorQualityThing","projectName":"StockLevelReportAndSupplierInformation","projectTimestamp":1567094423144,"selected":false,"title":"Thing:WindchillRestConnectorQualityThing","type":"Thing"},{"entityTimestamp":1567094920009,"isEditing":false,"mode":"read","name":"SapSoapConnectorQualityThing","projectName":"StockLevelReportAndSupplierInformation","projectTimestamp":1567094423144,"selected":false,"title":"Thing:SapSoapConnectorQualityThing","type":"Thing"},{"entityTimestamp":1567094423144,"isEditing":false,"mode":"read","name":"StockLevelInfoDatashape","projectName":"StockLevelReportAndSupplierInformation","projectTimestamp":1567094423144,"selected":false,"title":"Data Shape:StockLevelInfoDatashape","type":"DataShape"}],"settings":{"sortBy":"recent"}}
                ]]>
                </PersistentValue>
            </PersistentValues>
        </User>
    </Users>
</Entities>
