<?xml version="1.0" encoding="UTF-8"?>
<Entities
 build="b692"
 majorVersion="9"
 minorVersion="0"
 modelPersistenceProviderPackage="AzuresqlPersistenceProviderPackage"
 revision="11"
 schemaVersion="1109"
 universal="">
    <StyleDefinitions>
        <StyleDefinition
         description="TableHeaderStyle for toolbars of Stock Level, Supplier Info and Supplier Info per Plant. The color should be the Windchill 11 UI light grey."
         documentationContent=""
         homeMashup=""
         lastModifiedDate="2021-03-24T08:42:42.825Z"
         name="KB.StockLevelReportAndSupplierInformation.TableToolbarStyle"
         projectName="StockLevelReportAndSupplierInformation"
         tags="KB:StockLevelReport">
            <avatar></avatar>
            <DesignTimePermissions>
                <Create></Create>
                <Read></Read>
                <Update></Update>
                <Delete></Delete>
                <Metadata></Metadata>
            </DesignTimePermissions>
            <RunTimePermissions></RunTimePermissions>
            <VisibilityPermissions>
                <Visibility></Visibility>
            </VisibilityPermissions>
            <ConfigurationTableDefinitions></ConfigurationTableDefinitions>
            <ConfigurationTables></ConfigurationTables>
            <content>
            <![CDATA[
            {
              "backgroundColor" : "rgba(241,241,241,1)",
              "displayString" : "Stock level report, supplier info table and supplier info per table toolbar style",
              "fontEmphasisBold" : false,
              "fontEmphasisItalic" : false,
              "fontEmphasisUnderline" : false,
              "foregroundColor" : "",
              "image" : "",
              "lineColor" : "",
              "lineStyle" : "solid",
              "lineThickness" : 1,
              "secondaryBackgroundColor" : "",
              "textSize" : "normal"
            }
            ]]>
            </content>
        </StyleDefinition>
    </StyleDefinitions>
</Entities>
