<?xml version="1.0" encoding="UTF-8"?>
<Entities
 build="b692"
 majorVersion="9"
 minorVersion="0"
 modelPersistenceProviderPackage="AzuresqlPersistenceProviderPackage"
 revision="11"
 schemaVersion="1109"
 universal="">
    <Things>
        <Thing
         description=""
         documentationContent=""
         effectiveThingPackage="AppiBusinessExcelExporter"
         enabled="true"
         homeMashup=""
         identifier=""
         inheritedValueStream=""
         lastModifiedDate="2021-03-24T08:43:19.033Z"
         name="PLM4Rail_SAP_StockLevelSupplierInfoReport_ExcelExporterThing"
         projectName="StockLevelReportAndSupplierInformation"
         published="false"
         tags=""
         thingTemplate="ExcelExporter"
         valueStream="">
            <avatar></avatar>
            <DesignTimePermissions>
                <Create></Create>
                <Read></Read>
                <Update></Update>
                <Delete></Delete>
                <Metadata></Metadata>
            </DesignTimePermissions>
            <RunTimePermissions></RunTimePermissions>
            <VisibilityPermissions>
                <Visibility></Visibility>
            </VisibilityPermissions>
            <ConfigurationTableDefinitions></ConfigurationTableDefinitions>
            <ConfigurationTables>
                <ConfigurationTable
                 dataShapeName=""
                 description="Excel Extension Parameters"
                 isMultiRow="false"
                 name="ExcelInfo"
                 ordinal="0">
                    <DataShape>
                        <FieldDefinitions>
                            <FieldDefinition
                             aspect.defaultValue="0"
                             aspect.friendlyName="Column Start"
                             baseType="INTEGER"
                             description="Column Start"
                             name="Column_Start"
                             ordinal="0"></FieldDefinition>
                            <FieldDefinition
                             aspect.defaultValue=""
                             aspect.friendlyName="Repository Path"
                             baseType="STRING"
                             description="RepositoryPath"
                             name="Repository_Path"
                             ordinal="2"></FieldDefinition>
                            <FieldDefinition
                             aspect.defaultValue="1"
                             aspect.friendlyName="Row Start"
                             baseType="INTEGER"
                             description="Row Start"
                             name="Row_Start"
                             ordinal="1"></FieldDefinition>
                            <FieldDefinition
                             aspect.defaultValue="0"
                             aspect.friendlyName="Sheet Number"
                             baseType="INTEGER"
                             description="SheetNumber"
                             name="Sheet_Number"
                             ordinal="3"></FieldDefinition>
                        </FieldDefinitions>
                    </DataShape>
                    <Rows>
                        <Row>
                            <Column_Start>0</Column_Start>
                            <Repository_Path></Repository_Path>
                            <Row_Start>1</Row_Start>
                            <Sheet_Number>0</Sheet_Number>
                        </Row>
                    </Rows>
                </ConfigurationTable>
            </ConfigurationTables>
            <ThingShape>
                <PropertyDefinitions></PropertyDefinitions>
                <ServiceDefinitions></ServiceDefinitions>
                <EventDefinitions></EventDefinitions>
                <ServiceMappings></ServiceMappings>
                <ServiceImplementations></ServiceImplementations>
                <Subscriptions></Subscriptions>
            </ThingShape>
            <PropertyBindings></PropertyBindings>
            <RemotePropertyBindings></RemotePropertyBindings>
            <RemoteServiceBindings></RemoteServiceBindings>
            <RemoteEventBindings></RemoteEventBindings>
            <AlertConfigurations></AlertConfigurations>
            <ImplementedShapes></ImplementedShapes>
            <ThingProperties></ThingProperties>
        </Thing>
    </Things>
</Entities>
