<?xml version="1.0" encoding="UTF-8"?>
<Entities
 build="b692"
 majorVersion="9"
 minorVersion="0"
 modelPersistenceProviderPackage="AzuresqlPersistenceProviderPackage"
 revision="11"
 schemaVersion="1109"
 universal="">
    <Things>
        <Thing
         description="Helper Thing for all SAP Mashups.&#xA;1. Allows NOT to have a direct binding between SAPConnectors and Mashups&#xA;2. Can easily be configured to work againts SAP&amp;Windchill associated to ThingWorx PROD, TEST or DEV."
         documentationContent=""
         effectiveThingPackage="ConfiguredThing"
         enabled="true"
         homeMashup=""
         identifier=""
         inheritedValueStream=""
         lastModifiedDate="2022-06-23T09:11:31.069Z"
         name="SAPMashupsHelper"
         projectName="StockLevelReportAndSupplierInformation"
         published="false"
         tags="KB:StockLevelReport"
         thingTemplate="GenericThing"
         valueStream="">
            <avatar></avatar>
            <DesignTimePermissions>
                <Create></Create>
                <Read></Read>
                <Update></Update>
                <Delete></Delete>
                <Metadata></Metadata>
            </DesignTimePermissions>
            <RunTimePermissions>
                <Permissions
                 resourceName="getWindchillInstanceForConfiguredEnvironment">
                    <PropertyRead></PropertyRead>
                    <PropertyWrite></PropertyWrite>
                    <ServiceInvoke>
                        <Principal
                         isPermitted="true"
                         name="System"
                         type="User"></Principal>
                    </ServiceInvoke>
                    <EventInvoke></EventInvoke>
                    <EventSubscribe></EventSubscribe>
                </Permissions>
                <Permissions
                 resourceName="getSAPInstanceForConfiguredEnvironment">
                    <PropertyRead></PropertyRead>
                    <PropertyWrite></PropertyWrite>
                    <ServiceInvoke>
                        <Principal
                         isPermitted="true"
                         name="System"
                         type="User"></Principal>
                    </ServiceInvoke>
                    <EventInvoke></EventInvoke>
                    <EventSubscribe></EventSubscribe>
                </Permissions>
                <Permissions
                 resourceName="*">
                    <PropertyRead>
                        <Principal
                         isPermitted="true"
                         name="PLM4RailTechnicalUsers"
                         type="Group"></Principal>
                    </PropertyRead>
                    <PropertyWrite></PropertyWrite>
                    <ServiceInvoke></ServiceInvoke>
                    <EventInvoke></EventInvoke>
                    <EventSubscribe></EventSubscribe>
                </Permissions>
                <Permissions
                 resourceName="getSapStockLevelInfoFromSoapService">
                    <PropertyRead></PropertyRead>
                    <PropertyWrite></PropertyWrite>
                    <ServiceInvoke>
                        <Principal
                         isPermitted="true"
                         name="PLM4RailTechnicalUsers"
                         type="Group"></Principal>
                    </ServiceInvoke>
                    <EventInvoke></EventInvoke>
                    <EventSubscribe></EventSubscribe>
                </Permissions>
                <Permissions
                 resourceName="ExportDataToExcelFile">
                    <PropertyRead></PropertyRead>
                    <PropertyWrite></PropertyWrite>
                    <ServiceInvoke>
                        <Principal
                         isPermitted="true"
                         name="PLM4RailTechnicalUsers"
                         type="Group"></Principal>
                    </ServiceInvoke>
                    <EventInvoke></EventInvoke>
                    <EventSubscribe></EventSubscribe>
                </Permissions>
                <Permissions
                 resourceName="getSapInfoFromSoapService">
                    <PropertyRead></PropertyRead>
                    <PropertyWrite></PropertyWrite>
                    <ServiceInvoke>
                        <Principal
                         isPermitted="true"
                         name="PLM4RailTechnicalUsers"
                         type="Group"></Principal>
                    </ServiceInvoke>
                    <EventInvoke></EventInvoke>
                    <EventSubscribe></EventSubscribe>
                </Permissions>
                <Permissions
                 resourceName="getSapSupplierInfoPerPlantFromSoapService">
                    <PropertyRead></PropertyRead>
                    <PropertyWrite></PropertyWrite>
                    <ServiceInvoke>
                        <Principal
                         isPermitted="true"
                         name="PLM4RailTechnicalUsers"
                         type="Group"></Principal>
                    </ServiceInvoke>
                    <EventInvoke></EventInvoke>
                    <EventSubscribe></EventSubscribe>
                </Permissions>
                <Permissions
                 resourceName="SortStockLevelData">
                    <PropertyRead></PropertyRead>
                    <PropertyWrite></PropertyWrite>
                    <ServiceInvoke>
                        <Principal
                         isPermitted="true"
                         name="PLM4RailTechnicalUsers"
                         type="Group"></Principal>
                    </ServiceInvoke>
                    <EventInvoke></EventInvoke>
                    <EventSubscribe></EventSubscribe>
                </Permissions>
                <Permissions
                 resourceName="getSapSupplierInfoFromSoapService">
                    <PropertyRead></PropertyRead>
                    <PropertyWrite></PropertyWrite>
                    <ServiceInvoke>
                        <Principal
                         isPermitted="true"
                         name="PLM4RailTechnicalUsers"
                         type="Group"></Principal>
                    </ServiceInvoke>
                    <EventInvoke></EventInvoke>
                    <EventSubscribe></EventSubscribe>
                </Permissions>
            </RunTimePermissions>
            <VisibilityPermissions>
                <Visibility>
                    <Principal
                     isPermitted="true"
                     name="PLM4RailOrganization"
                     type="Organization"></Principal>
                </Visibility>
            </VisibilityPermissions>
            <ConfigurationTableDefinitions></ConfigurationTableDefinitions>
            <ConfigurationTables></ConfigurationTables>
            <ThingShape>
                <PropertyDefinitions>
                    <PropertyDefinition
                     aspect.cacheTime="0.0"
                     aspect.dataChangeType="VALUE"
                     aspect.defaultValue="false"
                     aspect.isPersistent="true"
                     baseType="BOOLEAN"
                     category=""
                     description="Use to enable to disabled logger from service "
                     isLocalOnly="false"
                     name="Logger"
                     ordinal="3"></PropertyDefinition>
                    <PropertyDefinition
                     aspect.cacheTime="0.0"
                     aspect.dataChangeType="VALUE"
                     aspect.defaultValue="PROD"
                     aspect.isPersistent="true"
                     baseType="STRING"
                     category=""
                     description="Type of the ThingWorx instance influencing which SAP/Windchill instance are being worked against: DEV, TEST or PROD. Default value is PROD."
                     isLocalOnly="false"
                     name="ThingWorxInstanceType"
                     ordinal="3"></PropertyDefinition>
                </PropertyDefinitions>
                <ServiceDefinitions>
                    <ServiceDefinition
                     aspect.isAsync="false"
                     category="export"
                     description=""
                     isAllowOverride="false"
                     isLocalOnly="false"
                     isOpen="false"
                     isPrivate="false"
                     name="ExportDataToExcelFile">
                        <ResultType
                         baseType="HYPERLINK"
                         description="Hyperlink of the newly created Excel file"
                         name="result"
                         ordinal="0"></ResultType>
                        <ParameterDefinitions>
                            <FieldDefinition
                             aspect.isRequired="true"
                             baseType="STRING"
                             description="Windchill article oid"
                             name="oid"
                             ordinal="1"></FieldDefinition>
                        </ParameterDefinitions>
                    </ServiceDefinition>
                    <ServiceDefinition
                     aspect.isAsync="false"
                     category=""
                     description="gets the article number from Windchill based on oid and then gets the information about the article from Sap Soap service"
                     isAllowOverride="false"
                     isLocalOnly="false"
                     isOpen="false"
                     isPrivate="false"
                     name="getSapInfoFromSoapService">
                        <ResultType
                         aspect.dataShape="SapInfoDatashape"
                         baseType="INFOTABLE"
                         description=""
                         name="result"
                         ordinal="0"></ResultType>
                        <ParameterDefinitions>
                            <FieldDefinition
                             baseType="STRING"
                             description=""
                             name="oid"
                             ordinal="1"></FieldDefinition>
                        </ParameterDefinitions>
                    </ServiceDefinition>
                    <ServiceDefinition
                     aspect.isAsync="false"
                     category="get"
                     description="Return thing name of the right SapSoapConnectorThing"
                     isAllowOverride="false"
                     isLocalOnly="false"
                     isOpen="false"
                     isPrivate="false"
                     name="getSAPInstanceForConfiguredEnvironment">
                        <ResultType
                         baseType="STRING"
                         description="Name of the corresponding SAP connector thing"
                         name="result"
                         ordinal="0"></ResultType>
                        <ParameterDefinitions></ParameterDefinitions>
                    </ServiceDefinition>
                    <ServiceDefinition
                     aspect.isAsync="false"
                     category="get"
                     description="Gets the article number for the given oid, queries the SAP webservice for obtained article number and returns a sorted StockLevelInfoDatashape filled by iterating through the SOAP response"
                     isAllowOverride="false"
                     isLocalOnly="false"
                     isOpen="false"
                     isPrivate="false"
                     name="getSapStockLevelInfoFromSoapService">
                        <ResultType
                         aspect.dataShape="StockLevelInfoDatashapeForMashup"
                         baseType="INFOTABLE"
                         description="Sorted StockLevelInfoDatashape infotable filled by iterating through the SAP SOAP response"
                         name="result"
                         ordinal="0"></ResultType>
                        <ParameterDefinitions>
                            <FieldDefinition
                             baseType="BOOLEAN"
                             description="Flag used to know whether the service is called from a contained mashup"
                             name="callingFromContainedMashup"
                             ordinal="6"></FieldDefinition>
                            <FieldDefinition
                             aspect.dataShape="StockLevelInfoDatashapeForMashup"
                             baseType="INFOTABLE"
                             description="Data provided by the advanced treegrid contained inside the mashup"
                             name="data"
                             ordinal="3"></FieldDefinition>
                            <FieldDefinition
                             aspect.isRequired="true"
                             baseType="STRING"
                             description="Windchill article oid"
                             name="oid"
                             ordinal="2"></FieldDefinition>
                            <FieldDefinition
                             baseType="QUERY"
                             description="Query provided by the advanced treegrid contained inside the mashup"
                             name="query"
                             ordinal="2"></FieldDefinition>
                        </ParameterDefinitions>
                    </ServiceDefinition>
                    <ServiceDefinition
                     aspect.isAsync="false"
                     category="get"
                     description="Gets the article number for the given oid, queries the SAP webservice for obtained article number and returns a sorted SupplierInfoDatashape filled by iterating through the SOAP response"
                     isAllowOverride="false"
                     isLocalOnly="false"
                     isOpen="false"
                     isPrivate="false"
                     name="getSapSupplierInfoFromSoapService">
                        <ResultType
                         aspect.dataShape="SupplierInfoDatashapeForMashup"
                         baseType="INFOTABLE"
                         description="Sorted SupplierInfoDatashape infotable filled by iterating through the SAP SOAP response"
                         name="result"
                         ordinal="0"></ResultType>
                        <ParameterDefinitions>
                            <FieldDefinition
                             baseType="BOOLEAN"
                             description="Flag used to know whether the service is called from a contained mashup"
                             name="callingFromContainedMashup"
                             ordinal="5"></FieldDefinition>
                            <FieldDefinition
                             aspect.dataShape="SupplierInfoDatashapeForMashup"
                             baseType="INFOTABLE"
                             description="Data provided by the advanced grid contained inside the mashup"
                             name="data"
                             ordinal="3"></FieldDefinition>
                            <FieldDefinition
                             aspect.isRequired="true"
                             baseType="STRING"
                             description="Windchill article oid"
                             name="oid"
                             ordinal="2"></FieldDefinition>
                            <FieldDefinition
                             baseType="QUERY"
                             description="Query provided by the advanced grid contained inside the mashup"
                             name="query"
                             ordinal="2"></FieldDefinition>
                        </ParameterDefinitions>
                    </ServiceDefinition>
                    <ServiceDefinition
                     aspect.isAsync="false"
                     category="get"
                     description="Gets the article number for the given oid, queries the SAP webservice for obtained article number and returns a sorted SupplierInfoPerPlantDatashape filled by iterating through the SOAP response"
                     isAllowOverride="false"
                     isLocalOnly="false"
                     isOpen="false"
                     isPrivate="false"
                     name="getSapSupplierInfoPerPlantFromSoapService">
                        <ResultType
                         aspect.dataShape="SupplierInfoPerPlantDatashapeForMashup"
                         baseType="INFOTABLE"
                         description="Sorted SupplierInfoPerPlantDatashape infotable filled by iterating through the SAP SOAP response"
                         name="result"
                         ordinal="0"></ResultType>
                        <ParameterDefinitions>
                            <FieldDefinition
                             baseType="BOOLEAN"
                             description="Flag used to know whether the service is called from a contained mashup&#xA;"
                             name="callingFromContainedMashup"
                             ordinal="5"></FieldDefinition>
                            <FieldDefinition
                             aspect.dataShape="SupplierInfoPerPlantDatashapeForMashup"
                             baseType="INFOTABLE"
                             description="Data provided by the advanced grid contained inside the mashup"
                             name="data"
                             ordinal="3"></FieldDefinition>
                            <FieldDefinition
                             aspect.isRequired="true"
                             baseType="STRING"
                             description="Windchill article oid"
                             name="oid"
                             ordinal="2"></FieldDefinition>
                            <FieldDefinition
                             baseType="QUERY"
                             description="Query provided by the advanced grid contained inside the mashup"
                             name="query"
                             ordinal="2"></FieldDefinition>
                        </ParameterDefinitions>
                    </ServiceDefinition>
                    <ServiceDefinition
                     aspect.isAsync="false"
                     category="get"
                     description="Return thing name of the right WindchillRestConnectorThing"
                     isAllowOverride="false"
                     isLocalOnly="false"
                     isOpen="false"
                     isPrivate="false"
                     name="getWindchillInstanceForConfiguredEnvironment">
                        <ResultType
                         baseType="STRING"
                         description="Name of the corresponding Windchill connector"
                         name="result"
                         ordinal="0"></ResultType>
                        <ParameterDefinitions></ParameterDefinitions>
                    </ServiceDefinition>
                    <ServiceDefinition
                     aspect.isAsync="false"
                     category=""
                     description=""
                     isAllowOverride="false"
                     isLocalOnly="false"
                     isOpen="false"
                     isPrivate="false"
                     name="SortStockLevelData">
                        <ResultType
                         aspect.dataShape="StockLevelInfoDatashape"
                         baseType="INFOTABLE"
                         description=""
                         name="result"
                         ordinal="0"></ResultType>
                        <ParameterDefinitions>
                            <FieldDefinition
                             aspect.dataShape="StockLevelInfoDatashape"
                             baseType="INFOTABLE"
                             description=""
                             name="stockLevelData"
                             ordinal="1"></FieldDefinition>
                        </ParameterDefinitions>
                    </ServiceDefinition>
                </ServiceDefinitions>
                <EventDefinitions></EventDefinitions>
                <ServiceMappings></ServiceMappings>
                <ServiceImplementations>
                    <ServiceImplementation
                     description=""
                     handlerName="Script"
                     name="ExportDataToExcelFile">
                        <ConfigurationTables>
                            <ConfigurationTable
                             dataShapeName=""
                             description=""
                             isMultiRow="false"
                             name="Script"
                             ordinal="0">
                                <DataShape>
                                    <FieldDefinitions>
                                        <FieldDefinition
                                         baseType="STRING"
                                         description="code"
                                         name="code"
                                         ordinal="0"></FieldDefinition>
                                    </FieldDefinitions>
                                </DataShape>
                                <Rows>
                                    <Row>
                                        <code>
                                        <![CDATA[
                                        if (me.Logger)
                                        	logger.debug(me.name + ' - ExportDataToExcelFile - Service execution started for article with oid ' + oid);
                                        
                                        try {
                                        	var date = new Date();
                                        		var articleNumber = Things[me.getWindchillInstanceForConfiguredEnvironment()].getNumberFromPartByOid({
                                        			oid: oid
                                        		});
                                        	//var articleNumber = 'K4177';
                                        	//articleNumber = articleNumber.replace(/\//g, "_");
                                            var fileRepository = "PLM4Rail_SAP_StockLevelSupplierInfoReport_Excels";
                                        
                                        	var CreateExcelSheet = function(sheetName) {
                                        		Resources["ExcelExporter"].CreateSheet({
                                        			ExcelFileName: fileName /* STRING */ ,
                                        			SheetName: sheetName /* STRING */ ,
                                        			FileRepository: fileRepository /* THINGNAME */
                                        		});
                                        	}
                                        
                                        	var WriteSAPInfotableToExcelFile = function(sheetName, infotable, hasHeader) {
                                        		Resources["ExcelExporter"].WriteInfotableToExcelFile({
                                        			ExcelFileName: fileName /* STRING */ ,
                                        			SheetName: sheetName /* STRING */ ,
                                        			InfoTable: infotable /* INFOTABLE */ ,
                                        			FileRepository: fileRepository /* THINGNAME */ ,
                                        			HasHeader: hasHeader /* BOOLEAN */
                                        		});
                                        	}
                                        
                                        	var AddHeaderToInfotable = function(infotableWithHeader, infotable) {
                                        		// EntityList entry object
                                        		var newEntry = new Object();
                                        
                                        		// infotable datashape iteration
                                        		var dataShapeFields = infotable.dataShape.fields;
                                        		for (var fieldName in dataShapeFields) {
                                        			 // logger.warn('field name is >' + dataShapeFields[fieldName].name);
                                        			//  logger.warn('field basetype is >' + dataShapeFields[fieldName].baseType);
                                        
                                        			if (dataShapeFields[fieldName].aspects.friendlyName) {
                                        				// logger.warn('field basetype is >>> ' + dataShapeFields[fieldName].aspects.friendlyName);
                                        				newEntry[dataShapeFields[fieldName].name] = dataShapeFields[fieldName].aspects.friendlyName;
                                        			} else {
                                        				//     logger.warn('field basetype is >' + dataShapeFields[fieldName].baseType + " | " + dataShapeFields[fieldName].name);
                                        				newEntry[dataShapeFields[fieldName].name] = dataShapeFields[fieldName].name;
                                        			}
                                        		}
                                        		// logger.warn('Json Object is  ' + JSON.stringify(newEntry));
                                        		infotableWithHeader.AddRow(newEntry);
                                        	}
                                        
                                        	var allDataToExport = Things[me.getSAPInstanceForConfiguredEnvironment()].getSapInfoForExportFromSoapService({
                                        		articleNumber:  articleNumber
                                        	});
                                        
                                        	var queryTimestamp = allDataToExport.rows[0].QueryTimestamp;
                                        	var timestamp = queryTimestamp.substr(0, 4) + "-" + queryTimestamp.substr(4, 2) + "-" + queryTimestamp.substr(6, 2) + "-" + queryTimestamp.substr(8, 2) + "_" + queryTimestamp.substr(10, 2) + "UTC";
                                            articleNumber = articleNumber.replace(/\//g, "_");
                                        	var fileName = "SAP-Info_" + articleNumber + "_" + timestamp + ".xlsx";
                                        
                                        	var stockLevelData = allDataToExport.rows[0].StockLevelInfoForExport;
                                            logger.debug("stocklevelDtata prints:  "+stockLevelData);
                                        	var supplierInfoData = allDataToExport.rows[0].SupplierInfoForExport;
                                        	var supplierInfoPerPlantData = allDataToExport.rows[0].SupplierInfoPerPlantForExport;
                                        
                                        	var stockLevelDataWithHeader = Resources["InfoTableFunctions"].CreateInfoTableFromDataShape({
                                        		infoTableName: "InfoTable",
                                        		dataShapeName: "StockLevelInfoDatashapeForExport"
                                        	});
                                        
                                        	var supplierInfoDataWithHeader = Resources["InfoTableFunctions"].CreateInfoTableFromDataShape({
                                        		infoTableName: "InfoTable",
                                        		dataShapeName: "SupplierInfoDatashape"
                                        	});
                                        
                                        	var supplierInfoPerPlantDataWithHeader = Resources["InfoTableFunctions"].CreateInfoTableFromDataShape({
                                        		infoTableName: "InfoTable",
                                        		dataShapeName: "SupplierInfoPerPlantDatashape"
                                        	});
                                        
                                        	//logger.warn("Before Union stockLevelDataWithHeader --- : " + stockLevelDataWithHeader.ToJSON());
                                        	//logger.warn("JSON.stringify Date : "+ JSON.stringify(stockLevelData.ToJSON().dataShape.fieldDefinitions));
                                        
                                        	AddHeaderToInfotable(stockLevelDataWithHeader, stockLevelData);
                                        	AddHeaderToInfotable(supplierInfoDataWithHeader, supplierInfoData);
                                        	AddHeaderToInfotable(supplierInfoPerPlantDataWithHeader, supplierInfoPerPlantData);
                                        
                                        	//logger.warn("1: " + stockLevelDataWithHeader.toJSON());
                                        	//logger.warn("2: " + stockLevelData.toJSON());
                                        
                                        	stockLevelData = me.SortStockLevelData({
                                        		stockLevelData: stockLevelData /* INFOTABLE */
                                        	});
                                        	stockLevelDataWithHeader = Resources["InfoTableFunctions"].Union({
                                        		t1: stockLevelDataWithHeader /* INFOTABLE */ ,
                                        		t2: stockLevelData /* INFOTABLE */
                                        	});
                                        
                                        	// logger.warn("After Union stockLevelDataWithHeader --- :  : " + stockLevelDataWithHeader.toJSON());
                                        	//logger.warn("2stockLevelData : " + stockLevelData.toJSON());
                                        
                                        	supplierInfoDataWithHeader = Resources["InfoTableFunctions"].Union({
                                        		t1: supplierInfoDataWithHeader /* INFOTABLE */ ,
                                        		t2: supplierInfoData /* INFOTABLE */
                                        	});
                                        
                                        	supplierInfoPerPlantDataWithHeader = Resources["InfoTableFunctions"].Union({
                                        		t1: supplierInfoPerPlantDataWithHeader /* INFOTABLE */ ,
                                        		t2: supplierInfoPerPlantData /* INFOTABLE */
                                        	});
                                        
                                        	Resources["ExcelExporter"].CreateWorkBook({
                                        		ExcelFileName: fileName /* STRING */ ,
                                        		FileRepository: fileRepository /* THINGNAME */
                                        	});
                                        
                                        	CreateExcelSheet("Stock Level");
                                        	CreateExcelSheet("Supplier Info");
                                        	CreateExcelSheet("Supplier Info per Plant");
                                        
                                        
                                        	//WriteSAPInfotableToExcelFile("Stock Level", stockLevelData, true);
                                        	WriteSAPInfotableToExcelFile("Stock Level", stockLevelDataWithHeader, true);
                                        	WriteSAPInfotableToExcelFile("Supplier Info", supplierInfoDataWithHeader, true);
                                        	WriteSAPInfotableToExcelFile("Supplier Info per Plant", supplierInfoPerPlantDataWithHeader, true);
                                        
                                        	// result: INFOTABLE dataShape: "FileSystemFileWithLinks"
                                        	var fileInfo = Things[fileRepository].GetFileListingWithLinks({
                                        		path: undefined /* STRING */ ,
                                        		nameMask: fileName /* STRING */
                                        	});
                                        
                                        	result = fileInfo.rows[0].downloadLink;
                                        } catch (ex) {
                                        	logger.error("Service error in ExportDataToExcelFile " + me.name + " at " + ex.lineNumber + ": " + ex);
                                        }
                                        
                                        if (me.Logger)
                                        	logger.debug(me.name + ' - ExportDataToExcelFile - Service execution finished for article with oid ' + oid);
                                        ]]>
                                        </code>
                                    </Row>
                                </Rows>
                            </ConfigurationTable>
                        </ConfigurationTables>
                    </ServiceImplementation>
                    <ServiceImplementation
                     description=""
                     handlerName="Script"
                     name="getSapInfoFromSoapService">
                        <ConfigurationTables>
                            <ConfigurationTable
                             dataShapeName=""
                             description=""
                             isMultiRow="false"
                             name="Script"
                             ordinal="0">
                                <DataShape>
                                    <FieldDefinitions>
                                        <FieldDefinition
                                         baseType="STRING"
                                         description="code"
                                         name="code"
                                         ordinal="0"></FieldDefinition>
                                    </FieldDefinitions>
                                </DataShape>
                                <Rows>
                                    <Row>
                                        <code>
                                        <![CDATA[
                                        //Service written by Harald Fiedler - PTC Customer Success
                                        if (me.Logger)
                                        	logger.debug(me.name + ' - getSapInfoFromSoapService - Service execution started for article with oid ' + oid);
                                        
                                        var paramsForUnsortedSapInfo_infotable = {
                                        	infoTableName: "InfoTable",
                                        	dataShapeName: "SapInfoDatashape"
                                        };
                                        // CreateInfoTableFromDataShape(infoTableName:STRING("InfoTable"), dataShapeName:STRING):INFOTABLE(SapInfoDatashape)
                                        var unsorted_sapInfo_infotable = Resources["InfoTableFunctions"].CreateInfoTableFromDataShape(paramsForUnsortedSapInfo_infotable);
                                        
                                        var articleNumberInWindchill = Things[me.getWindchillInstanceForConfiguredEnvironment()].getNumberFromPartByOid({
                                        	oid: oid
                                        });
                                        
                                        //var articleNumberInWindchill = 'K4177';
                                        
                                        unsorted_sapInfo_infotable = Things[me.getSAPInstanceForConfiguredEnvironment()].getSapInfoFromSoapService({
                                        	articleNumber: articleNumberInWindchill /* STRING */
                                        });
                                        
                                        if (me.Logger)
                                        	logger.debug(me.name + ' - getSapInfoFromSoapService - Service execution finished for article with oid ' + oid);
                                        
                                        result = unsorted_sapInfo_infotable;
                                        ]]>
                                        </code>
                                    </Row>
                                </Rows>
                            </ConfigurationTable>
                        </ConfigurationTables>
                    </ServiceImplementation>
                    <ServiceImplementation
                     description=""
                     handlerName="Script"
                     name="getSAPInstanceForConfiguredEnvironment">
                        <ConfigurationTables>
                            <ConfigurationTable
                             dataShapeName=""
                             description=""
                             isMultiRow="false"
                             name="Script"
                             ordinal="0">
                                <DataShape>
                                    <FieldDefinitions>
                                        <FieldDefinition
                                         baseType="STRING"
                                         description="code"
                                         name="code"
                                         ordinal="0"></FieldDefinition>
                                    </FieldDefinitions>
                                </DataShape>
                                <Rows>
                                    <Row>
                                        <code>
                                        <![CDATA[
                                        //Service written by Harald Fiedler - PTC Customer Success
                                        switch(me.ThingWorxInstanceType) {
                                        	case "PROD":
                                        		result="SapSoapConnectorProdThing";
                                                break;
                                        	case "TEST":
                                        		result="SapSoapConnectorQualityThing";
                                        		break;
                                        	case "DEV":
                                        		//result="SapSoapConnectorQualityThing";
                                                result="SapSoapConnectorTestThing";
                                                break;
                                            default:
                                                logger.error('SAPMashupsHelper - getSAPInstanceForConfiguredEnvironment - Incorrect value "' + me.ThingWorxInstanceType + '" defined for property ThingWorxInstanceType');
                                                result = "INCORRECT_INSTANCE_DEFINED";
                                        }
                                        ]]>
                                        </code>
                                    </Row>
                                </Rows>
                            </ConfigurationTable>
                        </ConfigurationTables>
                    </ServiceImplementation>
                    <ServiceImplementation
                     description=""
                     handlerName="Script"
                     name="getSapStockLevelInfoFromSoapService">
                        <ConfigurationTables>
                            <ConfigurationTable
                             dataShapeName=""
                             description=""
                             isMultiRow="false"
                             name="Script"
                             ordinal="0">
                                <DataShape>
                                    <FieldDefinitions>
                                        <FieldDefinition
                                         baseType="STRING"
                                         description="code"
                                         name="code"
                                         ordinal="0"></FieldDefinition>
                                    </FieldDefinitions>
                                </DataShape>
                                <Rows>
                                    <Row>
                                        <code>
                                        <![CDATA[
                                        //Service written by Harald Fiedler - PTC Customer Success
                                        if (me.Logger)
                                        	logger.debug(me.name + ' - getSapStockLevelInfoFromSoapService - Service execution started for article with oid ' + oid);
                                        
                                        var outputData;
                                        var performSorting = true;
                                        var stockLevelData;
                                        
                                        if (data !== undefined && data.rows !== undefined && data.rows.length !== undefined && data.rows.length > 0) {
                                        	if (me.Logger)
                                        		logger.debug(me.name + ' - getSapStockLevelInfoFromSoapService - Data found with ' + data.rows.length + ' rows');
                                        	outputData = data;
                                        } else {
                                        	if (me.Logger)
                                        		logger.debug(me.name + ' - getSapStockLevelInfoFromSoapService - No data found');
                                        	var articleNumber = Things[me.getWindchillInstanceForConfiguredEnvironment()].getNumberFromPartByOid({
                                        		oid: oid
                                        	});
                                        
                                        	// var articleNumber = 'K4177';
                                        
                                        	stockLevelData = Things[me.getSAPInstanceForConfiguredEnvironment()].getSapStockLevelInfoFromSoapService({
                                        		articleNumber: articleNumber
                                        	});
                                        
                                        
                                        	var params = {
                                        		infoTableName: "InfoTable",
                                        		dataShapeName: "StockLevelInfoDatashapeForMashup"
                                        	};
                                        
                                        	// CreateInfoTableFromDataShape(infoTableName:STRING("InfoTable"), dataShapeName:STRING):INFOTABLE(StockLevelInfoDatashapeForMashup)
                                        	outputData = Resources["InfoTableFunctions"].CreateInfoTableFromDataShape(params);
                                        
                                        	var tableLength = stockLevelData.rows.length;
                                        
                                        	for (var x = 0; x < tableLength; x++) {
                                        
                                        		var row = stockLevelData.rows[x];
                                        		// StockLevelInfoDatashapeForMashup entry object
                                        		var newEntry = new Object();
                                        		newEntry.ParentId = row.ParentId; // STRING
                                        		newEntry.IsProcurementSite = row.IsProcurementSite; // STRING
                                        		newEntry.HasChildren = row.HasChildren; // BOOLEAN
                                        		newEntry.SAPPlantId = row.SAPPlantId; // STRING
                                        		newEntry.QuantityOnStock = row.QuantityOnStock; // INTEGER
                                        		newEntry.TypeOfDisposition = row.TypeOfDisposition; // STRING
                                        		newEntry.Quantity = row.Quantity; // STRING
                                        		newEntry.SAPPlantName = row.SAPPlantName; // STRING
                                        		newEntry.Date = row.Date; // STRING
                                        		newEntry.SAPDispositionArea = row.SAPDispositionArea; // STRING
                                                newEntry.SAPDispositionArea_Label = row.SAPDispositionArea_Label; // STRING
                                        		outputData.AddRow(newEntry);
                                        	}
                                        }
                                        
                                        if (performSorting) {
                                        	if (query !== undefined && query.sorts !== undefined && query.sorts.length !== undefined && query.sorts.length > 0) {
                                        		if (me.Logger)
                                        			logger.debug(me.name + ' - getSapStockLevelInfoFromSoapService - Sorting data with given query' + query);
                                        		// result: INFOTABLE
                                        		outputData = Resources["InfoTableFunctions"].Query({
                                        			t: outputData, //INFOTABLE,
                                        			query: query //QUERY
                                        		});
                                        	} else {
                                        		if (me.Logger)
                                        			logger.debug(me.name + ' - getSapStockLevelInfoFromSoapService - No given query, thus using default query');
                                        		var sortQueryStockLevelInfo = {
                                        			"sorts": [{
                                        					"fieldName": "IsProcurementSite",
                                        					"isAscending": false
                                        				},
                                        				{
                                        					"fieldName": "SAPPlantId",
                                        					"isAscending": true
                                        				},
                                        				{
                                        					"fieldName": "TypeOfDisposition",
                                        					"isAscending": true
                                        				}
                                        			]
                                        		};
                                        
                                        		outputData = Resources["InfoTableFunctions"].Query({
                                        			t: outputData, //INFOTABLE,
                                        			query: sortQueryStockLevelInfo //QUERY
                                        		});
                                        	}
                                        }
                                        if (me.Logger)
                                        	logger.debug(me.name + ' - getSapStockLevelInfoFromSoapService - Service execution finished for article with oid ' + oid);
                                        result = outputData;
                                        ]]>
                                        </code>
                                    </Row>
                                </Rows>
                            </ConfigurationTable>
                        </ConfigurationTables>
                    </ServiceImplementation>
                    <ServiceImplementation
                     description=""
                     handlerName="Script"
                     name="getSapSupplierInfoFromSoapService">
                        <ConfigurationTables>
                            <ConfigurationTable
                             dataShapeName=""
                             description=""
                             isMultiRow="false"
                             name="Script"
                             ordinal="0">
                                <DataShape>
                                    <FieldDefinitions>
                                        <FieldDefinition
                                         baseType="STRING"
                                         description="code"
                                         name="code"
                                         ordinal="0"></FieldDefinition>
                                    </FieldDefinitions>
                                </DataShape>
                                <Rows>
                                    <Row>
                                        <code>
                                        <![CDATA[
                                        //Service written by Harald Fiedler - PTC Customer Success
                                        if (me.Logger)
                                        	logger.debug(me.name + ' - getSapSupplierInfoFromSoapService - Service execution started for article with oid ' + oid);
                                        
                                        var outputData;
                                        var performSorting = true;
                                        var supplierInfo;
                                        
                                        if (data !== undefined && data.rows !== undefined && data.rows.length !== undefined && data.rows.length > 0) {
                                        	if (me.Logger)
                                        		logger.debug(me.name + ' - getSapSupplierInfoFromSoapService - Data found with ' + data.rows.length + ' rows');
                                            
                                        	outputData = data;
                                        } else {
                                        	if (me.Logger)
                                        		logger.debug(me.name + ' - getSapSupplierInfoFromSoapService - No data found');
                                            
                                        	var articleNumber = Things[me.getWindchillInstanceForConfiguredEnvironment()].getNumberFromPartByOid({
                                        		oid: oid
                                        	});
                                            
                                        //   var articleNumber = 'K4177';
                                            
                                        	supplierInfo = Things[me.getSAPInstanceForConfiguredEnvironment()].getSapSupplierInfoFromSoapService({
                                        		articleNumber: articleNumber
                                        	});
                                        
                                        	var params = {
                                        		infoTableName: "InfoTable",
                                        		dataShapeName: "SupplierInfoDatashapeForMashup"
                                        	};
                                        
                                        	// CreateInfoTableFromDataShape(infoTableName:STRING("InfoTable"), dataShapeName:STRING):INFOTABLE(SupplierInfoDatashapeMashupForMashup)
                                        	outputData = Resources["InfoTableFunctions"].CreateInfoTableFromDataShape(params);
                                        
                                        	var tableLength = supplierInfo.rows.length;
                                        	for (var x = 0; x < tableLength; x++) {
                                        		var row = supplierInfo.rows[x];
                                        
                                        		// SupplierInfoDatashapeMashupForMashup entry object
                                        		var newEntry = new Object();
                                        		if (row.QuantityCurrentYear !== undefined && row.QuantityCurrentYear !== '' && !isNaN(row.QuantityCurrentYear))
                                        			newEntry.QuantityCurrentYear = row.QuantityCurrentYear; // INTEGER
                                        		newEntry.SupplierOrderNumber = row.SupplierOrderNumber; // STRING
                                        		newEntry.SupplierClassification = row.SupplierClassification; // STRING
                                        		newEntry.SupplierName = row.SupplierName; // STRING
                                        		newEntry.DUNSNumber = row.DUNSNumber; // STRING
                                        		newEntry.DispoRelevance = row.DispoRelevance; // STRING
                                        		newEntry.TypeOfManufacturing = row.TypeOfManufacturing; // STRING
                                        		if (row.QuantityLastYear !== undefined && row.QuantityLastYear !== '' && !isNaN(row.QuantityLastYear))
                                        			newEntry.QuantityLastYear = row.QuantityLastYear; // INTEGER
                                        		outputData.AddRow(newEntry);
                                        
                                        	}
                                        
                                        
                                        }
                                        if (performSorting) {
                                        	if (query !== undefined && query.sorts !== undefined && query.sorts.length !== undefined && query.sorts.length > 0) {
                                                
                                        		if (me.Logger)
                                        			logger.debug(me.name + ' - getSapSupplierInfoFromSoapService - Sorting data with given query' + query);
                                                
                                        		// result: INFOTABLE
                                        		outputData = Resources["InfoTableFunctions"].Query({
                                        			t: outputData, //INFOTABLE,
                                        			query: query //QUERY
                                        		});
                                        	} else {
                                                
                                        		if (me.Logger)
                                        			logger.debug(me.name + ' - getSapSupplierInfoFromSoapService - No given query, thus using default query');
                                                
                                        		var sortQuerySupplierInfo = {
                                        			"sorts": [{
                                        					"fieldName": "DispoRelevance",
                                        					"isAscending": false
                                        				},
                                        				{
                                        					"fieldName": "SupplierName",
                                        					"isAscending": true,
                                        					"isCaseSensitive": false
                                        				}
                                        			]
                                        		};
                                        
                                        		outputData = Resources["InfoTableFunctions"].Query({
                                        			t: outputData, //INFOTABLE,
                                        			query: sortQuerySupplierInfo //QUERY
                                        		});
                                        	}
                                        }
                                        if (me.Logger)
                                        	logger.debug(me.name + ' - getSapSupplierInfoFromSoapService - Service execution finished for article with oid ' + oid);
                                        
                                        result = outputData;
                                        ]]>
                                        </code>
                                    </Row>
                                </Rows>
                            </ConfigurationTable>
                        </ConfigurationTables>
                    </ServiceImplementation>
                    <ServiceImplementation
                     description=""
                     handlerName="Script"
                     name="getSapSupplierInfoPerPlantFromSoapService">
                        <ConfigurationTables>
                            <ConfigurationTable
                             dataShapeName=""
                             description=""
                             isMultiRow="false"
                             name="Script"
                             ordinal="0">
                                <DataShape>
                                    <FieldDefinitions>
                                        <FieldDefinition
                                         baseType="STRING"
                                         description="code"
                                         name="code"
                                         ordinal="0"></FieldDefinition>
                                    </FieldDefinitions>
                                </DataShape>
                                <Rows>
                                    <Row>
                                        <code>
                                        <![CDATA[
                                        //Service written by Harald Fiedler - PTC Customer Success
                                        if (me.Logger)
                                        	logger.debug(me.name + ' - getSapSupplierInfoPerPlantFromSoapService - Service execution started for article with oid ' + oid);
                                        logger.debug(me.name + ' - getSapSupplierInfoPerPlantFromSoapService - Query' + query);
                                        
                                        var outputData;
                                        var performSorting = true;
                                        var supplierInforPerPlant;
                                        
                                        if (data !== undefined && data.rows !== undefined && data.rows.length !== undefined && data.rows.length > 0) {
                                        	if (me.Logger)
                                        		logger.debug(me.name + ' - getSapSupplierInfoPerPlantFromSoapService - Data found with ' + data.rows.length + ' rows');
                                        
                                        	outputData = data;
                                        } else {
                                        	if (me.Logger)
                                        		logger.debug(me.name + ' - getSapSupplierInfoPerPlantFromSoapService - No data found');
                                        	var articleNumber = '';
                                        	articleNumber = Things[me.getWindchillInstanceForConfiguredEnvironment()].getNumberFromPartByOid({
                                        		oid: oid
                                        	});
                                        
                                        	// articleNumber = 'K4177';
                                        
                                        	supplierInforPerPlant = Things[me.getSAPInstanceForConfiguredEnvironment()].getSapSupplierInfoPerPlantFromSoapService({
                                        		articleNumber: articleNumber
                                        	});
                                            
                                            outputData= supplierInforPerPlant;
                                        
                                        //	var params = {
                                        //		infoTableName: "InfoTable",
                                        //		dataShapeName: "SupplierInfoPerPlantDatashapeForMashup"
                                        //	};
                                        //
                                        //	// CreateInfoTableFromDataShape(infoTableName:STRING("InfoTable"), dataShapeName:STRING):INFOTABLE(SupplierInfoPerPlantDatashapeForMashup)
                                        //	outputData = Resources["InfoTableFunctions"].CreateInfoTableFromDataShape(params);
                                        //
                                        //	var tableLength = supplierInforPerPlant.rows.length;
                                        //	for (var x = 0; x < tableLength; x++) {
                                        //		var row = supplierInforPerPlant.rows[x];
                                        //
                                        //		// SupplierInfoPerPlantDatashapeForMashup entry object
                                        //		var newEntry = new Object();
                                        //		newEntry.IsProcurementSite = row.IsProcurementSite; // STRING
                                        //		newEntry.QuantityCurrentYear = row.QuantityCurrentYear; // STRING
                                        //		newEntry.SAPPlantId = row.SAPPlantId; // STRING
                                        //		newEntry.SupplierOrderNumber = row.SupplierOrderNumber; // STRING
                                        //		newEntry.SupplierClassification = row.SupplierClassification; // STRING
                                        //		newEntry.SupplierName = row.SupplierName; // STRING
                                        //		newEntry.DUNSNumber = row.DUNSNumber; // STRING
                                        //		newEntry.DispoRelevance = row.DispoRelevance; // STRING
                                        //		newEntry.SAPPlantName = row.SAPPlantName; // STRING
                                        //		newEntry.SupplierNumberAtPlant = row.SupplierNumberAtPlant; // STRING
                                        //		newEntry.TypeOfManufacturing = row.TypeOfManufacturing; // STRING
                                        //		newEntry.QuantityLastYear = row.QuantityLastYear; // STRING
                                        //
                                        //		outputData.AddRow(newEntry);
                                        //	}
                                        
                                        }
                                        
                                        if (performSorting) {
                                        	if (query !== undefined && query.sorts !== undefined && query.sorts.length !== undefined && query.sorts.length > 0) {
                                        		if (me.Logger)
                                        			logger.debug(me.name + ' - getSapSupplierInfoPerPlantFromSoapService - Sorting data with given query' + query);
                                        
                                        		//		// result: INFOTABLE
                                        		//		outputData = Resources["InfoTableFunctions"].Query({
                                        		//			t: outputData, //INFOTABLE,
                                        		//			query: query //QUERY
                                        		//		});
                                        		//        
                                        		//        
                                        
                                        		var params2 = {
                                        			fieldName: query.sorts[0].fieldName /* STRING */ ,
                                        			t: outputData /* INFOTABLE */ ,
                                        			value: '' /* STRING */
                                        		};
                                        
                                        		// result: INFOTABLE
                                        		var notBlankRow = Resources["InfoTableFunctions"].NEFilter(params2);
                                        
                                        
                                        		var missingValuequery = {
                                        			"filters": {
                                        				"fieldName": query.sorts[0].fieldName,
                                        				"type": "MISSINGVALUE"
                                        			}
                                        		};
                                        
                                        		//		// result: INFOTABLE
                                        		blankRow = Resources["InfoTableFunctions"].Query({
                                        			t: outputData, //INFOTABLE,
                                        			query: missingValuequery //QUERY
                                        		});
                                        
                                        
                                        		//		// result: INFOTABLE
                                        		var filteredData = Resources["InfoTableFunctions"].Query({
                                        			t: notBlankRow, //INFOTABLE,
                                        			query: query //QUERY
                                        		});
                                        
                                        
                                        		var unionParams = {
                                        			t1: filteredData /* INFOTABLE */ ,
                                        			t2: blankRow /* INFOTABLE */
                                        		};
                                        
                                        		// result: INFOTABLE
                                        		outputData = Resources["InfoTableFunctions"].Union(unionParams);
                                        
                                        
                                        
                                        
                                        	} else {
                                        		if (me.Logger)
                                        			logger.debug(me.name + ' - getSapSupplierInfoPerPlantFromSoapService - No given query, thus using default query');
                                        
                                        		var sortQuerySupplierInfoPerPlant = {
                                        			"sorts": [{
                                        					"fieldName": "IsProcurementSite",
                                        					"isAscending": false
                                        				},
                                        				{
                                        					"fieldName": "SAPPlantId",
                                        					"isAscending": true
                                        				},
                                        				{
                                        					"fieldName": "SupplierName",
                                        					"isAscending": true,
                                        					"isCaseSensitive": false
                                        				}
                                        			]
                                        		};
                                        
                                        		outputData = Resources["InfoTableFunctions"].Query({
                                        			t: outputData, //INFOTABLE,
                                        			query: sortQuerySupplierInfoPerPlant //QUERY
                                        		});
                                        	}
                                        }
                                        if (me.Logger)
                                        	logger.debug(me.name + ' - getSapSupplierInfoPerPlantFromSoapService - Service execution finished for article with oid ' + oid);
                                        
                                        result = outputData;
                                        ]]>
                                        </code>
                                    </Row>
                                </Rows>
                            </ConfigurationTable>
                        </ConfigurationTables>
                    </ServiceImplementation>
                    <ServiceImplementation
                     description=""
                     handlerName="Script"
                     name="getWindchillInstanceForConfiguredEnvironment">
                        <ConfigurationTables>
                            <ConfigurationTable
                             dataShapeName=""
                             description=""
                             isMultiRow="false"
                             name="Script"
                             ordinal="0">
                                <DataShape>
                                    <FieldDefinitions>
                                        <FieldDefinition
                                         baseType="STRING"
                                         description="code"
                                         name="code"
                                         ordinal="0"></FieldDefinition>
                                    </FieldDefinitions>
                                </DataShape>
                                <Rows>
                                    <Row>
                                        <code>
                                        <![CDATA[
                                        //Service written by Harald Fiedler - PTC Customer Success
                                        switch(me.ThingWorxInstanceType) {
                                        	case "PROD":
                                        		result="WindchillRestConnectorProdThing";
                                                break;
                                        	case "TEST":
                                        		result="WindchillRestConnectorQualityThing";
                                               //result = "WindchillRestConnectorProdThing"; 
                                        		break;
                                        	case "DEV":
                                        		result="WindchillRestConnectorTestThing";
                                                break;
                                            default:
                                                logger.error('SAPMashupsHelper - getWindchillInstanceForConfiguredEnvironment - Incorrect value "' + me.ThingWorxInstanceType + '" defined for property ThingWorxInstanceType');
                                                result = "INCORRECT_INSTANCE_DEFINED";
                                        }
                                        ]]>
                                        </code>
                                    </Row>
                                </Rows>
                            </ConfigurationTable>
                        </ConfigurationTables>
                    </ServiceImplementation>
                    <ServiceImplementation
                     description=""
                     handlerName="Script"
                     name="SortStockLevelData">
                        <ConfigurationTables>
                            <ConfigurationTable
                             dataShapeName=""
                             description=""
                             isMultiRow="false"
                             name="Script"
                             ordinal="0">
                                <DataShape>
                                    <FieldDefinitions>
                                        <FieldDefinition
                                         baseType="STRING"
                                         description="code"
                                         name="code"
                                         ordinal="0"></FieldDefinition>
                                    </FieldDefinitions>
                                </DataShape>
                                <Rows>
                                    <Row>
                                        <code>
                                        <![CDATA[
                                        var params = {
                                        	t1: stockLevelData /* INFOTABLE */
                                        };
                                        
                                        // result: INFOTABLE
                                        var result = Resources["InfoTableFunctions"].Clone(params);
                                        
                                        result.RemoveAllRows();
                                        
                                        
                                        function getChildNode(ParentId) {
                                        
                                        
                                        	var params = {
                                        		fieldName: 'ParentId' /* STRING */ ,
                                        		isCaseSensitive: true /* BOOLEAN */ ,
                                        		t: stockLevelData /* INFOTABLE */ ,
                                        		value: ParentId /* STRING */
                                        	};
                                        
                                        	// result: INFOTABLE
                                        	var records = Resources["InfoTableFunctions"].EQFilter(params);
                                        
                                        	return records;
                                        
                                        }
                                        
                                        stockLevelData.rows.toArray().forEach(row => {
                                        	if (row.SAPPlantId != undefined && row.SAPPlantId != '') {
                                        		result.AddRow(row);
                                        		let childNode = getChildNode(row.SAPPlantId);
                                        		childNode.rows.toArray().forEach(childRow => {
                                        			result.AddRow(childRow);
                                        		});
                                        	}
                                        
                                        });
                                        ]]>
                                        </code>
                                    </Row>
                                </Rows>
                            </ConfigurationTable>
                        </ConfigurationTables>
                    </ServiceImplementation>
                </ServiceImplementations>
                <Subscriptions></Subscriptions>
            </ThingShape>
            <PropertyBindings></PropertyBindings>
            <RemotePropertyBindings></RemotePropertyBindings>
            <RemoteServiceBindings></RemoteServiceBindings>
            <RemoteEventBindings></RemoteEventBindings>
            <AlertConfigurations>
                <AlertDefinitions
                 name="Logger"></AlertDefinitions>
                <AlertDefinitions
                 name="ThingWorxInstanceType"></AlertDefinitions>
            </AlertConfigurations>
            <ImplementedShapes></ImplementedShapes>
            <ThingProperties>
                <ThingWorxInstanceType>
                    <Value>
                    <![CDATA[
                    DEV
                    ]]>
                    </Value>
                    <Timestamp>2021-03-24T09:29:23.352Z</Timestamp>
                    <Quality>GOOD</Quality>
                </ThingWorxInstanceType>
                <Logger>
                    <Value>true</Value>
                    <Timestamp>2022-06-21T13:47:25.364Z</Timestamp>
                    <Quality>GOOD</Quality>
                </Logger>
            </ThingProperties>
        </Thing>
    </Things>
</Entities>
