<?xml version="1.0" encoding="UTF-8"?>
<Entities
 build="b692"
 majorVersion="9"
 minorVersion="0"
 modelPersistenceProviderPackage="AzuresqlPersistenceProviderPackage"
 revision="11"
 schemaVersion="1109"
 universal="">
    <Things>
        <Thing
         description="Implementation of thing template &quot;SapSoapConnectorTemplate&quot; with authentication information and URL for SAP prod instance&#xA;"
         documentationContent=""
         effectiveThingPackage="ConfiguredThing"
         enabled="true"
         homeMashup=""
         identifier=""
         inheritedValueStream=""
         lastModifiedDate="2021-03-24T08:43:37.394Z"
         name="SapSoapConnectorProdThing"
         projectName="StockLevelReportAndSupplierInformation"
         published="false"
         tags="KB:StockLevelReport"
         thingTemplate="SapSoapConnectorThingTemplate"
         valueStream="">
            <avatar></avatar>
            <DesignTimePermissions>
                <Create></Create>
                <Read></Read>
                <Update></Update>
                <Delete></Delete>
                <Metadata></Metadata>
            </DesignTimePermissions>
            <RunTimePermissions></RunTimePermissions>
            <VisibilityPermissions>
                <Visibility></Visibility>
            </VisibilityPermissions>
            <ConfigurationTableDefinitions></ConfigurationTableDefinitions>
            <ConfigurationTables></ConfigurationTables>
            <ThingShape>
                <PropertyDefinitions></PropertyDefinitions>
                <ServiceDefinitions></ServiceDefinitions>
                <EventDefinitions></EventDefinitions>
                <ServiceMappings></ServiceMappings>
                <ServiceImplementations></ServiceImplementations>
                <Subscriptions></Subscriptions>
            </ThingShape>
            <PropertyBindings></PropertyBindings>
            <RemotePropertyBindings></RemotePropertyBindings>
            <RemoteServiceBindings></RemoteServiceBindings>
            <RemoteEventBindings></RemoteEventBindings>
            <AlertConfigurations></AlertConfigurations>
            <ImplementedShapes></ImplementedShapes>
            <ThingProperties>
                <URL_SUPPLIER_INFO>
                    <Value>
                    <![CDATA[
                    http://kmpap105.corp.knorr-bremse.com:8005/sap/bc/srt/rfc/sap/zzp_supplier_info/001/zzp_supplier_info/zzp
                    ]]>
                    </Value>
                    <Timestamp>2021-04-20T05:18:05.965Z</Timestamp>
                    <Quality>GOOD</Quality>
                </URL_SUPPLIER_INFO>
                <Username>
                    <Value>
                    <![CDATA[
                    PLM4RAIL_WS
                    ]]>
                    </Value>
                    <Timestamp>2020-03-11T10:14:22.984Z</Timestamp>
                    <Quality>GOOD</Quality>
                </Username>
                <URL_STOCK_LEVEL>
                    <Value>
                    <![CDATA[
                    http://kmpap105.corp.knorr-bremse.com:8005/sap/bc/srt/rfc/sap/zzp_stock_and_suplier_info/001/zzp_stock_and_suplier_info/zzp
                    ]]>
                    </Value>
                    <Timestamp>2021-04-20T05:18:23.167Z</Timestamp>
                    <Quality>GOOD</Quality>
                </URL_STOCK_LEVEL>
                <Logger>
                    <Value>true</Value>
                    <Timestamp>2021-04-15T11:32:43.413Z</Timestamp>
                    <Quality>GOOD</Quality>
                </Logger>
                <URL_SUPPLIER_INFO_PER_PLANT>
                    <Value>
                    <![CDATA[
                    http://kmpap105.corp.knorr-bremse.com:8005/sap/bc/srt/rfc/sap/zzp_supplier_info_per_plant/001/zzp_supplier_info_per_plant/zzp
                    ]]>
                    </Value>
                    <Timestamp>2021-04-20T05:17:50.005Z</Timestamp>
                    <Quality>GOOD</Quality>
                </URL_SUPPLIER_INFO_PER_PLANT>
                <URL>
                    <Value>
                    <![CDATA[
                    http://kmpap105.corp.knorr-bremse.com:8005/sap/bc/srt/rfc/sap/zzp_stock_and_suplier_info/001/zzp_stock_and_suplier_info/zzp
                    ]]>
                    </Value>
                    <Timestamp>2021-04-20T05:18:29.661Z</Timestamp>
                    <Quality>GOOD</Quality>
                </URL>
                <Password>
                    <Value>
                    <![CDATA[
                    BlOPDPlRk1y3Ykv1rxEWFw==:E76tl+bfg81G+ZdvO1yD/A==
                    ]]>
                    </Value>
                    <Timestamp>2021-04-20T05:19:07.904Z</Timestamp>
                    <Quality>GOOD</Quality>
                </Password>
            </ThingProperties>
        </Thing>
    </Things>
</Entities>
