<?xml version="1.0" encoding="UTF-8"?>
<Entities
 build="b692"
 majorVersion="9"
 minorVersion="0"
 modelPersistenceProviderPackage="AzuresqlPersistenceProviderPackage"
 revision="11"
 schemaVersion="1109"
 universal="">
    <Things>
        <Thing
         description="Implementation of thing template &quot;SapSoapConnectorTemplate&quot; with authentication information and URL for SAP test instance&#xA;"
         documentationContent=""
         effectiveThingPackage="ConfiguredThing"
         enabled="true"
         homeMashup=""
         identifier=""
         inheritedValueStream=""
         lastModifiedDate="2021-04-20T05:21:29.423Z"
         name="SapSoapConnectorTestThing"
         projectName="StockLevelReportAndSupplierInformation"
         published="false"
         tags="KB:StockLevelReport"
         thingTemplate="SapSoapConnectorThingTemplate"
         valueStream="">
            <avatar></avatar>
            <DesignTimePermissions>
                <Create></Create>
                <Read></Read>
                <Update></Update>
                <Delete></Delete>
                <Metadata></Metadata>
            </DesignTimePermissions>
            <RunTimePermissions></RunTimePermissions>
            <VisibilityPermissions>
                <Visibility></Visibility>
            </VisibilityPermissions>
            <ConfigurationTableDefinitions></ConfigurationTableDefinitions>
            <ConfigurationTables></ConfigurationTables>
            <ThingShape>
                <PropertyDefinitions></PropertyDefinitions>
                <ServiceDefinitions></ServiceDefinitions>
                <EventDefinitions></EventDefinitions>
                <ServiceMappings></ServiceMappings>
                <ServiceImplementations></ServiceImplementations>
                <Subscriptions></Subscriptions>
            </ThingShape>
            <PropertyBindings></PropertyBindings>
            <RemotePropertyBindings></RemotePropertyBindings>
            <RemoteServiceBindings></RemoteServiceBindings>
            <RemoteEventBindings></RemoteEventBindings>
            <AlertConfigurations></AlertConfigurations>
            <ImplementedShapes></ImplementedShapes>
            <ThingProperties>
                <URL_SUPPLIER_INFO>
                    <Value>
                    <![CDATA[
                    http://kmdci000.corp.knorr-bremse.com:8080/sap/bc/srt/rfc/sap/zzp_supplier_info/001/zzp_supplier_info/zzp
                    ]]>
                    </Value>
                    <Timestamp>2021-04-09T06:20:47.578Z</Timestamp>
                    <Quality>GOOD</Quality>
                </URL_SUPPLIER_INFO>
                <Username>
                    <Value>
                    <![CDATA[
                    PLM4RAIL_WS
                    ]]>
                    </Value>
                    <Timestamp>2021-04-07T10:36:14.115Z</Timestamp>
                    <Quality>GOOD</Quality>
                </Username>
                <URL_STOCK_LEVEL>
                    <Value>
                    <![CDATA[
                    http://kmdci000.corp.knorr-bremse.com:8080/sap/bc/srt/rfc/sap/zzp_stock_and_suplier_info/001/zzp_stock_and_suplier_info/zzp
                    ]]>
                    </Value>
                    <Timestamp>2021-04-09T06:17:40.069Z</Timestamp>
                    <Quality>GOOD</Quality>
                </URL_STOCK_LEVEL>
                <Logger>
                    <Value>false</Value>
                    <Timestamp>1970-01-01T00:00:00.000Z</Timestamp>
                    <Quality>UNKNOWN</Quality>
                </Logger>
                <URL_SUPPLIER_INFO_PER_PLANT>
                    <Value>
                    <![CDATA[
                    http://kmdci000.corp.knorr-bremse.com:8080/sap/bc/srt/rfc/sap/zzp_supplier_info_per_plant/001/zzp_supplier_info_per_plant/zzp
                    ]]>
                    </Value>
                    <Timestamp>2021-04-09T06:20:57.409Z</Timestamp>
                    <Quality>GOOD</Quality>
                </URL_SUPPLIER_INFO_PER_PLANT>
                <URL>
                    <Value>
                    <![CDATA[
                    http://kmdci000.corp.knorr-bremse.com:8080/sap/bc/srt/rfc/sap/zzp_stock_and_suplier_info/001/zzp_stock_and_suplier_info/zzp
                    ]]>
                    </Value>
                    <Timestamp>2021-04-09T06:17:35.549Z</Timestamp>
                    <Quality>GOOD</Quality>
                </URL>
                <Password>
                    <Value>
                    <![CDATA[
                    P36Mk/vCBppjAo1qt6spyQ==:ciZs9UASA5VSrwRzdrtKNA==
                    ]]>
                    </Value>
                    <Timestamp>2021-04-20T08:11:14.263Z</Timestamp>
                    <Quality>GOOD</Quality>
                </Password>
            </ThingProperties>
        </Thing>
    </Things>
</Entities>
