<?xml version="1.0" encoding="UTF-8"?>
<Entities
 build="b692"
 majorVersion="9"
 minorVersion="0"
 modelPersistenceProviderPackage="AzuresqlPersistenceProviderPackage"
 revision="11"
 schemaVersion="1109"
 universal="">
    <Things>
        <Thing
         description="Implementation of thing template &quot;SapSoapConnectorTemplate&quot; with authentication information and URL for SAP quality instance."
         documentationContent=""
         effectiveThingPackage="ConfiguredThing"
         enabled="true"
         homeMashup=""
         identifier=""
         inheritedValueStream=""
         lastModifiedDate="2021-12-14T07:38:51.633Z"
         name="SapSoapConnectorQualityThing"
         projectName="StockLevelReportAndSupplierInformation"
         published="false"
         tags="KB:StockLevelReport"
         thingTemplate="SapSoapConnectorThingTemplate"
         valueStream="">
            <avatar></avatar>
            <DesignTimePermissions>
                <Create></Create>
                <Read></Read>
                <Update></Update>
                <Delete></Delete>
                <Metadata></Metadata>
            </DesignTimePermissions>
            <RunTimePermissions></RunTimePermissions>
            <VisibilityPermissions>
                <Visibility></Visibility>
            </VisibilityPermissions>
            <ConfigurationTableDefinitions></ConfigurationTableDefinitions>
            <ConfigurationTables></ConfigurationTables>
            <ThingShape>
                <PropertyDefinitions></PropertyDefinitions>
                <ServiceDefinitions></ServiceDefinitions>
                <EventDefinitions></EventDefinitions>
                <ServiceMappings></ServiceMappings>
                <ServiceImplementations></ServiceImplementations>
                <Subscriptions></Subscriptions>
            </ThingShape>
            <PropertyBindings></PropertyBindings>
            <RemotePropertyBindings></RemotePropertyBindings>
            <RemoteServiceBindings></RemoteServiceBindings>
            <RemoteEventBindings></RemoteEventBindings>
            <AlertConfigurations></AlertConfigurations>
            <ImplementedShapes></ImplementedShapes>
            <ThingProperties>
                <URL_SUPPLIER_INFO>
                    <Value>
                    <![CDATA[
                    http://kmqci000.corp.knorr-bremse.com:8080/sap/bc/srt/rfc/sap/zzp_supplier_info/001/zzp_supplier_info/zzp
                    ]]>
                    </Value>
                    <Timestamp>2021-04-20T05:27:11.325Z</Timestamp>
                    <Quality>GOOD</Quality>
                </URL_SUPPLIER_INFO>
                <Username>
                    <Value>
                    <![CDATA[
                    PLM4RAIL_WS
                    ]]>
                    </Value>
                    <Timestamp>2019-09-06T11:44:43.493Z</Timestamp>
                    <Quality>GOOD</Quality>
                </Username>
                <URL_STOCK_LEVEL>
                    <Value>
                    <![CDATA[
                    http://kmqci000.corp.knorr-bremse.com:8080/sap/bc/srt/rfc/sap/zzp_stock_and_suplier_info/001/zzp_stock_and_suplier_info/zzp
                    ]]>
                    </Value>
                    <Timestamp>2021-04-20T05:27:24.418Z</Timestamp>
                    <Quality>GOOD</Quality>
                </URL_STOCK_LEVEL>
                <Logger>
                    <Value>false</Value>
                    <Timestamp>2021-04-20T06:34:25.980Z</Timestamp>
                    <Quality>GOOD</Quality>
                </Logger>
                <URL_SUPPLIER_INFO_PER_PLANT>
                    <Value>
                    <![CDATA[
                    http://kmqci000.corp.knorr-bremse.com:8080/sap/bc/srt/rfc/sap/zzp_supplier_info_per_plant/001/zzp_supplier_info_per_plant/zzp
                    ]]>
                    </Value>
                    <Timestamp>2021-04-20T06:26:01.954Z</Timestamp>
                    <Quality>GOOD</Quality>
                </URL_SUPPLIER_INFO_PER_PLANT>
                <URL>
                    <Value>
                    <![CDATA[
                    http://kmqci000.corp.knorr-bremse.com:8080/sap/bc/srt/rfc/sap/zzp_stock_and_suplier_info/001/zzp_stock_and_suplier_info/zzp
                    ]]>
                    </Value>
                    <Timestamp>2021-04-20T05:27:27.451Z</Timestamp>
                    <Quality>GOOD</Quality>
                </URL>
                <Password>
                    <Value>
                    <![CDATA[
                    fMmOm8D0tT9k9dm1AcRnKQ==:gm/JkhSQeihxv7bmE4sa6g==
                    ]]>
                    </Value>
                    <Timestamp>2021-04-20T05:23:41.935Z</Timestamp>
                    <Quality>GOOD</Quality>
                </Password>
            </ThingProperties>
        </Thing>
    </Things>
</Entities>
