<?xml version="1.0" encoding="UTF-8"?>
<Entities
 build="b692"
 majorVersion="9"
 minorVersion="0"
 modelPersistenceProviderPackage="AzuresqlPersistenceProviderPackage"
 revision="11"
 schemaVersion="1109"
 universal="">
    <Things>
        <Thing
         description="Thing used to set visibility on system objects &quot;Base Theme&quot; and &quot;ContentLoaderFunctions&quot; for PLM4RailOrganization organization."
         documentationContent=""
         effectiveThingPackage="ConfiguredThing"
         enabled="true"
         homeMashup=""
         identifier=""
         inheritedValueStream=""
         lastModifiedDate="2021-03-25T05:40:30.986Z"
         name="StockLevelReportAndSupplierInformationConfigThing"
         projectName="StockLevelReportAndSupplierInformation"
         published="false"
         tags=""
         thingTemplate="GenericThing"
         valueStream="">
            <avatar></avatar>
            <DesignTimePermissions>
                <Create></Create>
                <Read></Read>
                <Update></Update>
                <Delete></Delete>
                <Metadata></Metadata>
            </DesignTimePermissions>
            <RunTimePermissions></RunTimePermissions>
            <VisibilityPermissions>
                <Visibility></Visibility>
            </VisibilityPermissions>
            <ConfigurationTableDefinitions></ConfigurationTableDefinitions>
            <ConfigurationTables></ConfigurationTables>
            <ThingShape>
                <PropertyDefinitions></PropertyDefinitions>
                <ServiceDefinitions>
                    <ServiceDefinition
                     aspect.isAsync="false"
                     category="Set visibility"
                     description="Set visibility on system objects &quot;Base Theme&quot; and &quot;ContentLoaderFunctions&quot;"
                     isAllowOverride="false"
                     isLocalOnly="false"
                     isOpen="false"
                     isPrivate="false"
                     name="setVisibilityOnEntitiesForPLM4RailOrganization">
                        <ResultType
                         baseType="NOTHING"
                         description="No result."
                         name="result"
                         ordinal="0"></ResultType>
                        <ParameterDefinitions></ParameterDefinitions>
                    </ServiceDefinition>
                </ServiceDefinitions>
                <EventDefinitions></EventDefinitions>
                <ServiceMappings></ServiceMappings>
                <ServiceImplementations>
                    <ServiceImplementation
                     description=""
                     handlerName="Script"
                     name="setVisibilityOnEntitiesForPLM4RailOrganization">
                        <ConfigurationTables>
                            <ConfigurationTable
                             dataShapeName=""
                             description=""
                             isMultiRow="false"
                             name="Script"
                             ordinal="0">
                                <DataShape>
                                    <FieldDefinitions>
                                        <FieldDefinition
                                         baseType="STRING"
                                         description="code"
                                         name="code"
                                         ordinal="0"></FieldDefinition>
                                    </FieldDefinitions>
                                </DataShape>
                                <Rows>
                                    <Row>
                                        <code>
                                        <![CDATA[
                                        //Add visibility for PLM4RailOrganization to the Base Theme
                                        var paramsBaseTheme = {
                                        	organizationReferences: undefined /* INFOTABLE */,
                                        	entityName: "Base Theme" /* STRING */,
                                        	entityType: undefined /* STRING */,
                                        	query: undefined /* QUERY */
                                        };
                                        // no return
                                        Resources["EntityServices"].AddThingVisibility(paramsBaseTheme);
                                        
                                        //Add visibility for PLM4RailOrganization to the ContentLoaderFunctions
                                        var paramsContentLoaderFunctions = {
                                        	organizationReferences: undefined /* INFOTABLE */,
                                        	entityName: "ContentLoaderFunctions" /* STRING */,
                                        	entityType: undefined /* STRING */,
                                        	query: undefined /* QUERY */
                                        };
                                        // no return
                                        //Resources["EntityServices"].AddThingVisibility(paramsContentLoaderFunctions);
                                        ]]>
                                        </code>
                                    </Row>
                                </Rows>
                            </ConfigurationTable>
                        </ConfigurationTables>
                    </ServiceImplementation>
                </ServiceImplementations>
                <Subscriptions></Subscriptions>
            </ThingShape>
            <PropertyBindings></PropertyBindings>
            <RemotePropertyBindings></RemotePropertyBindings>
            <RemoteServiceBindings></RemoteServiceBindings>
            <RemoteEventBindings></RemoteEventBindings>
            <AlertConfigurations></AlertConfigurations>
            <ImplementedShapes></ImplementedShapes>
            <ThingProperties></ThingProperties>
        </Thing>
    </Things>
</Entities>
