<?xml version="1.0" encoding="UTF-8"?>
<Entities
 build="b692"
 majorVersion="9"
 minorVersion="0"
 modelPersistenceProviderPackage="AzuresqlPersistenceProviderPackage"
 revision="11"
 schemaVersion="1109"
 universal="">
    <Things>
        <Thing
         description="Implementation of thing template &quot;WindchillRestConnectorThingTemplate&quot; with necessary authentication information and REST information for Windchill prod instance."
         documentationContent=""
         effectiveThingPackage="ConfiguredThing"
         enabled="true"
         homeMashup=""
         identifier=""
         inheritedValueStream=""
         lastModifiedDate="2021-03-24T08:43:54.713Z"
         name="WindchillRestConnectorProdThing"
         projectName="StockLevelReportAndSupplierInformation"
         published="false"
         tags="KB:StockLevelReport"
         thingTemplate="WindchillRestConnectorThingTemplate"
         valueStream="">
            <avatar></avatar>
            <DesignTimePermissions>
                <Create></Create>
                <Read></Read>
                <Update></Update>
                <Delete></Delete>
                <Metadata></Metadata>
            </DesignTimePermissions>
            <RunTimePermissions></RunTimePermissions>
            <VisibilityPermissions>
                <Visibility></Visibility>
            </VisibilityPermissions>
            <ConfigurationTableDefinitions></ConfigurationTableDefinitions>
            <ConfigurationTables></ConfigurationTables>
            <ThingShape>
                <PropertyDefinitions></PropertyDefinitions>
                <ServiceDefinitions></ServiceDefinitions>
                <EventDefinitions></EventDefinitions>
                <ServiceMappings></ServiceMappings>
                <ServiceImplementations></ServiceImplementations>
                <Subscriptions></Subscriptions>
            </ThingShape>
            <PropertyBindings></PropertyBindings>
            <RemotePropertyBindings></RemotePropertyBindings>
            <RemoteServiceBindings></RemoteServiceBindings>
            <RemoteEventBindings></RemoteEventBindings>
            <AlertConfigurations></AlertConfigurations>
            <ImplementedShapes></ImplementedShapes>
            <ThingProperties>
                <User>
                    <Value>
                    <![CDATA[
                    StockLevelReport_WT_TW_integration
                    ]]>
                    </Value>
                    <Timestamp>2019-09-02T14:26:33.250Z</Timestamp>
                    <Quality>GOOD</Quality>
                </User>
                <Logger>
                    <Value>false</Value>
                    <Timestamp>1970-01-01T00:00:00.000Z</Timestamp>
                    <Quality>UNKNOWN</Quality>
                </Logger>
                <URL>
                    <Value>
                    <![CDATA[
                    https://windchill01.corp.knorr-bremse.com/Windchill
                    ]]>
                    </Value>
                    <Timestamp>2021-04-20T06:47:42.142Z</Timestamp>
                    <Quality>GOOD</Quality>
                </URL>
                <Password>
                    <Value>
                    <![CDATA[
                    XWtjb0dgu/KesxSpna8Qng==:YoCXqt3o7iSuhhxxm6H7SQ==
                    ]]>
                    </Value>
                    <Timestamp>2021-04-20T06:47:51.975Z</Timestamp>
                    <Quality>GOOD</Quality>
                </Password>
            </ThingProperties>
        </Thing>
    </Things>
</Entities>
