<?xml version="1.0" encoding="UTF-8"?>
<Entities
 build="b692"
 majorVersion="9"
 minorVersion="0"
 modelPersistenceProviderPackage="AzuresqlPersistenceProviderPackage"
 revision="11"
 schemaVersion="1109"
 universal="">
    <Things>
        <Thing
         description="Implementation of thing template &quot;WindchillRestConnectorThingTemplate&quot; with necessary authentication information and REST information for Windchill test instance."
         documentationContent=""
         effectiveThingPackage="ConfiguredThing"
         enabled="true"
         homeMashup=""
         identifier=""
         inheritedValueStream=""
         lastModifiedDate="2021-12-01T10:09:26.836Z"
         name="WindchillRestConnectorTestThing"
         projectName="StockLevelReportAndSupplierInformation"
         published="false"
         tags="KB:StockLevelReport"
         thingTemplate="WindchillRestConnectorThingTemplate"
         valueStream="">
            <avatar></avatar>
            <DesignTimePermissions>
                <Create></Create>
                <Read></Read>
                <Update></Update>
                <Delete></Delete>
                <Metadata></Metadata>
            </DesignTimePermissions>
            <RunTimePermissions></RunTimePermissions>
            <VisibilityPermissions>
                <Visibility></Visibility>
            </VisibilityPermissions>
            <ConfigurationTableDefinitions></ConfigurationTableDefinitions>
            <ConfigurationTables></ConfigurationTables>
            <ThingShape>
                <PropertyDefinitions></PropertyDefinitions>
                <ServiceDefinitions>
                    <ServiceDefinition
                     aspect.isAsync="false"
                     category="get"
                     description="Queries Windchill endpoint &quot;/servlet/odata/v1/ProdMgmt/Parts&quot; with oid using pure REST (thus no integration runtime needed) and returns a WindchillPartNumberDataShape (Shape needed technically). V1 of Windchill OData REST webservice is used because of better performance (in comparison with newer versions) while providing needed functionality."
                     isAllowOverride="false"
                     isLocalOnly="false"
                     isOpen="false"
                     isPrivate="false"
                     name="getNumberFromPartByOidTest">
                        <ResultType
                         baseType="STRING"
                         description="Windchill article number"
                         name="result"
                         ordinal="0"></ResultType>
                        <ParameterDefinitions>
                            <FieldDefinition
                             aspect.isRequired="true"
                             baseType="STRING"
                             description="Windchill article oid"
                             name="oid"
                             ordinal="1"></FieldDefinition>
                        </ParameterDefinitions>
                    </ServiceDefinition>
                </ServiceDefinitions>
                <EventDefinitions></EventDefinitions>
                <ServiceMappings></ServiceMappings>
                <ServiceImplementations>
                    <ServiceImplementation
                     description=""
                     handlerName="Script"
                     name="getNumberFromPartByOidTest">
                        <ConfigurationTables>
                            <ConfigurationTable
                             dataShapeName=""
                             description=""
                             isMultiRow="false"
                             name="Script"
                             ordinal="0">
                                <DataShape>
                                    <FieldDefinitions>
                                        <FieldDefinition
                                         baseType="STRING"
                                         description="code"
                                         name="code"
                                         ordinal="0"></FieldDefinition>
                                    </FieldDefinitions>
                                </DataShape>
                                <Rows>
                                    <Row>
                                        <code>
                                        <![CDATA[
                                        //Service written by Harald Fiedler - PTC Customer Success
                                        if(me.Logger)
                                        	logger.debug(me.name + ' - getNumberFromPartByOid - Service execution started for article with oid ' + oid);
                                        
                                        // v1 version of ProdMgmt/Parts is used for better performance
                                        //"?$select=Number" is added as a query parameter to only get the Number from Windchill for the given oid
                                        var header = {
                                            "Accept" : "application/json",
                                            "Content-Type": "application/json"
                                        };
                                        
                                        result = Resources["ContentLoaderFunctions"].GetJSON({
                                        	url: me.URL + "/servlet/odata/v1/ProdMgmt/Parts('" + oid + "')" + "?$select=Number",
                                        	password: me.Password,
                                        	username: me.User,
                                        	headers: header /* JSON */,
                                        	ignoreSSLErrors: true /* BOOLEAN */
                                        });
                                        
                                        result = result.Number;
                                        ]]>
                                        </code>
                                    </Row>
                                </Rows>
                            </ConfigurationTable>
                        </ConfigurationTables>
                    </ServiceImplementation>
                </ServiceImplementations>
                <Subscriptions></Subscriptions>
            </ThingShape>
            <PropertyBindings></PropertyBindings>
            <RemotePropertyBindings></RemotePropertyBindings>
            <RemoteServiceBindings></RemoteServiceBindings>
            <RemoteEventBindings></RemoteEventBindings>
            <AlertConfigurations></AlertConfigurations>
            <ImplementedShapes></ImplementedShapes>
            <ThingProperties>
                <User>
                    <Value>
                    <![CDATA[
                    StockLevelReport_WT_TW_integration
                    ]]>
                    </Value>
                    <Timestamp>2021-05-27T06:24:08.755Z</Timestamp>
                    <Quality>GOOD</Quality>
                </User>
                <Logger>
                    <Value>true</Value>
                    <Timestamp>2021-05-27T06:31:00.810Z</Timestamp>
                    <Quality>GOOD</Quality>
                </Logger>
                <URL>
                    <Value>
                    <![CDATA[
                    https://wtint03.corp.knorr-bremse.com/Windchill
                    ]]>
                    </Value>
                    <Timestamp>2021-12-01T10:08:49.338Z</Timestamp>
                    <Quality>GOOD</Quality>
                </URL>
                <Password>
                    <Value>
                    <![CDATA[
                    x5mLZn5QI9VQtIDplgrzdg==:cz12kKV2mXM8wVw8qMwIMg==
                    ]]>
                    </Value>
                    <Timestamp>2021-05-27T06:29:04.149Z</Timestamp>
                    <Quality>GOOD</Quality>
                </Password>
            </ThingProperties>
        </Thing>
    </Things>
</Entities>
