<?xml version="1.0" encoding="UTF-8"?>
<Entities
 build="b692"
 majorVersion="9"
 minorVersion="0"
 modelPersistenceProviderPackage="AzuresqlPersistenceProviderPackage"
 revision="11"
 schemaVersion="1109"
 universal="">
    <Things>
        <Thing
         description="Implementation of thing template &quot;WindchillRestConnectorThingTemplate&quot; with necessary authentication information and REST information for Windchill quality instance."
         documentationContent=""
         effectiveThingPackage="ConfiguredThing"
         enabled="true"
         homeMashup=""
         identifier=""
         inheritedValueStream=""
         lastModifiedDate="2021-03-24T08:43:59.796Z"
         name="WindchillRestConnectorQualityThing"
         projectName="StockLevelReportAndSupplierInformation"
         published="false"
         tags="KB:StockLevelReport"
         thingTemplate="WindchillRestConnectorThingTemplate"
         valueStream="">
            <avatar></avatar>
            <DesignTimePermissions>
                <Create></Create>
                <Read></Read>
                <Update></Update>
                <Delete></Delete>
                <Metadata></Metadata>
            </DesignTimePermissions>
            <RunTimePermissions></RunTimePermissions>
            <VisibilityPermissions>
                <Visibility></Visibility>
            </VisibilityPermissions>
            <ConfigurationTableDefinitions></ConfigurationTableDefinitions>
            <ConfigurationTables></ConfigurationTables>
            <ThingShape>
                <PropertyDefinitions></PropertyDefinitions>
                <ServiceDefinitions></ServiceDefinitions>
                <EventDefinitions></EventDefinitions>
                <ServiceMappings></ServiceMappings>
                <ServiceImplementations></ServiceImplementations>
                <Subscriptions></Subscriptions>
            </ThingShape>
            <PropertyBindings></PropertyBindings>
            <RemotePropertyBindings></RemotePropertyBindings>
            <RemoteServiceBindings></RemoteServiceBindings>
            <RemoteEventBindings></RemoteEventBindings>
            <AlertConfigurations></AlertConfigurations>
            <ImplementedShapes></ImplementedShapes>
            <ThingProperties>
                <User>
                    <Value>
                    <![CDATA[
                    StockLevelReport_WT_TW_integration
                    ]]>
                    </Value>
                    <Timestamp>2019-09-04T21:40:48.414Z</Timestamp>
                    <Quality>GOOD</Quality>
                </User>
                <Logger>
                    <Value>false</Value>
                    <Timestamp>1970-01-01T00:00:00.000Z</Timestamp>
                    <Quality>UNKNOWN</Quality>
                </Logger>
                <URL>
                    <Value>
                    <![CDATA[
                    https://wtquality.corp.knorr-bremse.com/Windchill
                    ]]>
                    </Value>
                    <Timestamp>2021-05-07T12:32:08.134Z</Timestamp>
                    <Quality>GOOD</Quality>
                </URL>
                <Password>
                    <Value></Value>
                    <Timestamp>2019-08-26T07:06:14.863Z</Timestamp>
                    <Quality>GOOD</Quality>
                </Password>
            </ThingProperties>
        </Thing>
    </Things>
</Entities>
