<Entities>
	<ExtensionPackages>
		<ExtensionPackage name="InfotablesToExcelExporter"
						  description="Extension to export Infotables to Excel files inside a repository"
						  vendor="PTC - Customer Success - Professional Services on behalf of KB"
						  packageVersion="1.1.48"
						  minimumThingWorxVersion="6.0.0">
			<JarResources>
				<FileResource type="JAR" file="AppiBusinessExcelExporter.jar" description="" />
				<FileResource type="JAR" file="poi-excelant-3.13.jar" description="" />
				<FileResource type="JAR" file="poi-scratchpad-3.13.jar" description="" />
				<FileResource type="JAR" file="dom4j-1.6.1.jar" description="" />
			</JarResources>
			</ExtensionPackage>
	</ExtensionPackages>
	<ThingPackages>
		<ThingPackage name="AppiBusinessExcelExporter" description="" className="excel_extension.Excel" aspect.isSystemObject="false" aspect.isCreatable="true">
		<HandlerDefinitions/>		
		</ThingPackage>
	</ThingPackages>
	<ThingTemplates>
		<ThingTemplate name="ExcelExporter" description="" thingPackage="AppiBusinessExcelExporter" aspect.isSystemObject="false">
			<avatar/>
		</ThingTemplate>
	</ThingTemplates>
	
	<DataShapes>
		<DataShape name="ExcelListingShape" description="Datashape holding Excel rows listing" aspect.isSystemObject="false">
			<FieldDefinitions>
				<FieldDefinition name="column1" description="File Name" baseType="STRING" aspect.isPrimaryKey="true"/>
				<FieldDefinition name="column2" description="Folder Path" baseType="STRING" aspect.isPrimaryKey="false"/>
			</FieldDefinitions>
		</DataShape>
	</DataShapes>
		
</Entities>