<?xml version="1.0" encoding="UTF-8"?>
<Entities
 build="b2151"
 majorVersion="8"
 minorVersion="4"
 modelPersistenceProviderPackage="MssqlPersistenceProviderPackage"
 revision="2"
 schemaVersion="1040"
 universal="">
    <Organizations>
        <Organization
         description="Organization used for giving PLM4Rail users visibility on stock level report mashups."
         documentationContent=""
         homeMashup=""
         lastModifiedDate="2019-07-02T17:39:43.562+02:00"
         loginButtonStyle=""
         loginPrompt=""
         loginResetPassword="false"
         loginStyle=""
         mobileMashup=""
         name="PLM4RailOrganization"
         projectName="StockLevelReportAndSupplierInformation"
         resetMailContent="&lt;p&gt;[[resetemail.requestmade]]&lt;/p&gt;&#xA;&#xA;&lt;p&gt;[[resetemail.instructions]]&lt;/p&gt;&#xA;&#xA;&#xA;&#xA;&#xA;&#xA;&#xA;&#xA;&#xA;&#xA;&#xA;&#xA;&#xA;&#xA;&lt;p&gt;[[resetemail.helpneeded]]&lt;/p&gt;"
         resetMailServer=""
         resetMailSubject="[[resetemail.subject]]"
         tags="">
		 <Owner name="kumaprak" type="User"/>
            <avatar></avatar>
            <DesignTimePermissions>
                <Create></Create>
                <Read></Read>
                <Update></Update>
                <Delete></Delete>
                <Metadata></Metadata>
            </DesignTimePermissions>
            <RunTimePermissions></RunTimePermissions>
            <VisibilityPermissions>
                <Visibility></Visibility>
            </VisibilityPermissions>
			<ConfigurationChanges/>
            <ConfigurationTableDefinitions></ConfigurationTableDefinitions>
            <ConfigurationTables></ConfigurationTables>
            <loginImage></loginImage>
            <Connections>
                <Connection
                 from=""
                 to="PLM4RailTechnicalUsers"></Connection>
            </Connections>
            <OrganizationalUnits>
                <OrganizationalUnit
                 description="PLM4Rail technical users"
                 name="PLM4RailTechnicalUsers">
                    <Members>
                        <Members>
                            <Member
                             name="PLM4RailTechnicalUsers"
                             type="Group"></Member>
                        </Members>
                    </Members>
                </OrganizationalUnit>
            </OrganizationalUnits>
        </Organization>
    </Organizations>
</Entities>
