<?xml version="1.0" encoding="UTF-8" standalone="no"?>
<Entities>
    <ExtensionPackages>
        <ExtensionPackage dependsOn="" description="" minimumThingWorxVersion="7.2.1" name="ExcelExporter_extension" packageVersion="1.0.38" vendor="">
            <JarResources>
                <FileResource description="" file="ExcelExporter_extension.jar" type="JAR"/>
            </JarResources>
        </ExtensionPackage>
    </ExtensionPackages>
    <Resources>
        <Resource aspect.isCreatable="false" aspect.isEditableExtensionObject="false" className="ttpsc.pl.twx.extension.ExcelExporter" description="" name="ExcelExporter"/>
    </Resources>
</Entities>
