<?xml version="1.0" encoding="UTF-8"?>
<Entities
 build="b692"
 majorVersion="9"
 minorVersion="0"
 modelPersistenceProviderPackage="AzuresqlPersistenceProviderPackage"
 revision="11"
 schemaVersion="1109"
 universal="">
    <DataShapes>
        <DataShape
         baseDataShape=""
         description=""
         documentationContent=""
         homeMashup=""
         lastModifiedDate="2021-03-24T07:43:24.891Z"
         name="MatchDispoElementAbreviationToNameDataShape"
         projectName="StockLevelReportAndSupplierInformation"
         tags="">
            <avatar></avatar>
            <DesignTimePermissions>
                <Create></Create>
                <Read></Read>
                <Update></Update>
                <Delete></Delete>
                <Metadata></Metadata>
            </DesignTimePermissions>
            <RunTimePermissions></RunTimePermissions>
            <VisibilityPermissions>
                <Visibility></Visibility>
            </VisibilityPermissions>
            <ConfigurationTableDefinitions></ConfigurationTableDefinitions>
            <ConfigurationTables></ConfigurationTables>
            <FieldDefinitions>
                <FieldDefinition
                 aspect.friendlyName="Disposition element abbreviation"
                 aspect.isPrimaryKey="true"
                 baseType="STRING"
                 description=""
                 name="DispoElementAbreviation"
                 ordinal="1"></FieldDefinition>
                <FieldDefinition
                 aspect.friendlyName="Disposition element name"
                 aspect.isPrimaryKey="false"
                 baseType="STRING"
                 description=""
                 name="DispoElementName"
                 ordinal="2"></FieldDefinition>
            </FieldDefinitions>
        </DataShape>
    </DataShapes>
</Entities>
