<?xml version="1.0" encoding="UTF-8"?>
<Entities
 build="b692"
 majorVersion="9"
 minorVersion="0"
 modelPersistenceProviderPackage="AzuresqlPersistenceProviderPackage"
 revision="11"
 schemaVersion="1109"
 universal="">
    <DataShapes>
        <DataShape
         baseDataShape=""
         description="Datashape containing all SAP data"
         documentationContent=""
         homeMashup=""
         lastModifiedDate="2021-03-24T08:41:34.997Z"
         name="SapInfoDatashape"
         projectName="StockLevelReportAndSupplierInformation"
         tags="">
            <avatar></avatar>
            <DesignTimePermissions>
                <Create></Create>
                <Read></Read>
                <Update></Update>
                <Delete></Delete>
                <Metadata></Metadata>
            </DesignTimePermissions>
            <RunTimePermissions></RunTimePermissions>
            <VisibilityPermissions>
                <Visibility></Visibility>
            </VisibilityPermissions>
            <ConfigurationTableDefinitions></ConfigurationTableDefinitions>
            <ConfigurationTables></ConfigurationTables>
            <FieldDefinitions>
                <FieldDefinition
                 aspect.dataShape="StockLevelInfoDatashape"
                 aspect.friendlyName="Stock Level Info infotable"
                 aspect.isPrimaryKey="false"
                 baseType="INFOTABLE"
                 description="Stock Level Info infotable"
                 name="StockLevelInfo"
                 ordinal="2"></FieldDefinition>
                <FieldDefinition
                 aspect.dataShape="SupplierInfoDatashape"
                 aspect.isPrimaryKey="false"
                 baseType="INFOTABLE"
                 description="Supplier Info infotable"
                 name="SupplierInfo"
                 ordinal="3"></FieldDefinition>
                <FieldDefinition
                 aspect.dataShape="SupplierInfoPerPlantDatashape"
                 aspect.isPrimaryKey="false"
                 baseType="INFOTABLE"
                 description="Supplier Info per Plant infotable"
                 name="SupplierInfoPerPlant"
                 ordinal="4"></FieldDefinition>
            </FieldDefinitions>
        </DataShape>
    </DataShapes>
</Entities>
