<?xml version="1.0" encoding="UTF-8"?>
<Entities
 build="b692"
 majorVersion="9"
 minorVersion="0"
 modelPersistenceProviderPackage="AzuresqlPersistenceProviderPackage"
 revision="11"
 schemaVersion="1109"
 universal="">
    <DataShapes>
        <DataShape
         baseDataShape=""
         description="Datashape containing all SAP data for export"
         documentationContent=""
         homeMashup=""
         lastModifiedDate="2021-09-06T07:32:51.898Z"
         name="SapInfoDatashapeForExport"
         projectName="StockLevelReportAndSupplierInformation"
         tags="">
            <avatar></avatar>
            <DesignTimePermissions>
                <Create></Create>
                <Read></Read>
                <Update></Update>
                <Delete></Delete>
                <Metadata></Metadata>
            </DesignTimePermissions>
            <RunTimePermissions></RunTimePermissions>
            <VisibilityPermissions>
                <Visibility></Visibility>
            </VisibilityPermissions>
            <ConfigurationTableDefinitions></ConfigurationTableDefinitions>
            <ConfigurationTables></ConfigurationTables>
            <FieldDefinitions>
                <FieldDefinition
                 aspect.friendlyName="Article number"
                 aspect.isPrimaryKey="true"
                 baseType="STRING"
                 description="Number of the SAP article for which Information is retrieved"
                 name="ArticleNumber"
                 ordinal="1"></FieldDefinition>
                <FieldDefinition
                 aspect.friendlyName="Timestamp of query"
                 aspect.isPrimaryKey="false"
                 baseType="STRING"
                 description="SAP timestamp of query"
                 name="QueryTimestamp"
                 ordinal="2"></FieldDefinition>
                <FieldDefinition
                 aspect.dataShape="StockLevelInfoDatashape"
                 aspect.isPrimaryKey="false"
                 baseType="INFOTABLE"
                 description=""
                 name="StockLevelInfoForExport"
                 ordinal="4"></FieldDefinition>
                <FieldDefinition
                 aspect.dataShape="SupplierInfoDatashape"
                 aspect.isPrimaryKey="false"
                 baseType="INFOTABLE"
                 description=""
                 name="SupplierInfoForExport"
                 ordinal="5"></FieldDefinition>
                <FieldDefinition
                 aspect.dataShape="SupplierInfoPerPlantDatashape"
                 aspect.isPrimaryKey="false"
                 baseType="INFOTABLE"
                 description=""
                 name="SupplierInfoPerPlantForExport"
                 ordinal="6"></FieldDefinition>
            </FieldDefinitions>
        </DataShape>
    </DataShapes>
</Entities>
