<?xml version="1.0" encoding="UTF-8"?>
<Entities
 build="b692"
 majorVersion="9"
 minorVersion="0"
 modelPersistenceProviderPackage="AzuresqlPersistenceProviderPackage"
 revision="11"
 schemaVersion="1109"
 universal="">
    <DataShapes>
        <DataShape
         baseDataShape=""
         description="Stock Level info datashape"
         documentationContent=""
         homeMashup=""
         lastModifiedDate="2021-12-14T06:23:20.790Z"
         name="StockLevelInfoDatashapeForMashup"
         projectName="StockLevelReportAndSupplierInformation"
         tags="KB:StockLevelReport">
            <avatar></avatar>
            <DesignTimePermissions>
                <Create></Create>
                <Read></Read>
                <Update></Update>
                <Delete></Delete>
                <Metadata></Metadata>
            </DesignTimePermissions>
            <RunTimePermissions></RunTimePermissions>
            <VisibilityPermissions>
                <Visibility></Visibility>
            </VisibilityPermissions>
            <ConfigurationTableDefinitions></ConfigurationTableDefinitions>
            <ConfigurationTables></ConfigurationTables>
            <FieldDefinitions>
                <FieldDefinition
                 aspect.isPrimaryKey="false"
                 baseType="STRING"
                 description="SAP &quot;Dat00&quot;"
                 name="Date"
                 ordinal="9"></FieldDefinition>
                <FieldDefinition
                 aspect.isPrimaryKey="false"
                 baseType="BOOLEAN"
                 description="True if there is at least one type of disposition for an SAP plant"
                 name="HasChildren"
                 ordinal="2"></FieldDefinition>
                <FieldDefinition
                 aspect.friendlyName="Proc. Site"
                 aspect.isPrimaryKey="false"
                 baseType="STRING"
                 description="SAP &quot;Prcsi&quot;"
                 name="IsProcurementSite"
                 ordinal="5"></FieldDefinition>
                <FieldDefinition
                 aspect.isPrimaryKey="false"
                 baseType="STRING"
                 description="SAPPlantId of the parent"
                 name="ParentId"
                 ordinal="1"></FieldDefinition>
                <FieldDefinition
                 aspect.friendlyName="Qty"
                 aspect.isPrimaryKey="false"
                 baseType="STRING"
                 description="SAP &quot;Menge&quot;"
                 name="Quantity"
                 ordinal="8"></FieldDefinition>
                <FieldDefinition
                 aspect.friendlyName="Quantity on stock Σ"
                 aspect.isPrimaryKey="false"
                 baseType="INTEGER"
                 description="SAP &quot;Bestm&quot;"
                 name="QuantityOnStock"
                 ordinal="10"></FieldDefinition>
                <FieldDefinition
                 aspect.friendlyName="Disposition area"
                 aspect.isPrimaryKey="false"
                 baseType="STRING"
                 description="SAP &quot;Berid&quot;"
                 name="SAPDispositionArea"
                 ordinal="6"></FieldDefinition>
                <FieldDefinition
                 aspect.friendlyName="Disposition area Label"
                 aspect.isPrimaryKey="false"
                 baseType="STRING"
                 description="SAP &quot;Berid&quot;"
                 name="SAPDispositionArea_Label"
                 ordinal="12"></FieldDefinition>
                <FieldDefinition
                 aspect.friendlyName="Plant"
                 aspect.isPrimaryKey="false"
                 baseType="STRING"
                 description="SAP &quot;Werks&quot;"
                 name="SAPPlantId"
                 ordinal="3"></FieldDefinition>
                <FieldDefinition
                 aspect.friendlyName="SAP Plant"
                 aspect.isPrimaryKey="false"
                 baseType="STRING"
                 description="SAP &quot;Werkn&quot;"
                 name="SAPPlantName"
                 ordinal="4"></FieldDefinition>
                <FieldDefinition
                 aspect.friendlyName="Type of disposition"
                 aspect.isPrimaryKey="false"
                 baseType="STRING"
                 description="SAP &quot;Delkz&quot;"
                 name="TypeOfDisposition"
                 ordinal="7"></FieldDefinition>
            </FieldDefinitions>
        </DataShape>
    </DataShapes>
</Entities>
