<?xml version="1.0" encoding="UTF-8"?>
<Entities
 build="b692"
 majorVersion="9"
 minorVersion="0"
 modelPersistenceProviderPackage="AzuresqlPersistenceProviderPackage"
 revision="11"
 schemaVersion="1109"
 universal="">
    <DataShapes>
        <DataShape
         baseDataShape=""
         description=""
         documentationContent=""
         homeMashup=""
         lastModifiedDate="2021-03-24T12:24:06.888Z"
         name="SupplierInfoPerPlantDatashape"
         projectName="StockLevelReportAndSupplierInformation"
         tags="">
            <avatar></avatar>
            <DesignTimePermissions>
                <Create></Create>
                <Read></Read>
                <Update></Update>
                <Delete></Delete>
                <Metadata></Metadata>
            </DesignTimePermissions>
            <RunTimePermissions></RunTimePermissions>
            <VisibilityPermissions>
                <Visibility></Visibility>
            </VisibilityPermissions>
            <ConfigurationTableDefinitions></ConfigurationTableDefinitions>
            <ConfigurationTables></ConfigurationTables>
            <FieldDefinitions>
                <FieldDefinition
                 aspect.friendlyName="Dispo relevance"
                 aspect.isPrimaryKey="false"
                 baseType="STRING"
                 description="SAP &quot;Autet&quot;"
                 name="DispoRelevance"
                 ordinal="9"></FieldDefinition>
                <FieldDefinition
                 aspect.friendlyName="DUNS-Nr."
                 aspect.isPrimaryKey="false"
                 baseType="STRING"
                 description="SAP &quot;Kraus&quot;"
                 name="DUNSNumber"
                 ordinal="4"></FieldDefinition>
                <FieldDefinition
                 aspect.friendlyName="Proc. Site"
                 aspect.isPrimaryKey="false"
                 baseType="STRING"
                 description="not available yet in SAP response, to be taken from MARA/ZZP_FERTO_WERKS"
                 name="IsProcurementSite"
                 ordinal="3"></FieldDefinition>
                <FieldDefinition
                 aspect.friendlyName="Qty current year"
                 aspect.isPrimaryKey="false"
                 baseType="STRING"
                 description="SAP &quot;Zlfdj&quot;"
                 name="QuantityCurrentYear"
                 ordinal="13"></FieldDefinition>
                <FieldDefinition
                 aspect.friendlyName="Qty last year"
                 aspect.isPrimaryKey="false"
                 baseType="STRING"
                 description="SAP &quot;Zvorj&quot;"
                 name="QuantityLastYear"
                 ordinal="12"></FieldDefinition>
                <FieldDefinition
                 aspect.friendlyName="Plant"
                 aspect.isPrimaryKey="false"
                 baseType="STRING"
                 description="SAP &quot;WERKS&quot;."
                 name="SAPPlantId"
                 ordinal="1"></FieldDefinition>
                <FieldDefinition
                 aspect.friendlyName="SAP Plant"
                 aspect.isPrimaryKey="false"
                 baseType="STRING"
                 description="Gotten using the mapping table"
                 name="SAPPlantName"
                 ordinal="2"></FieldDefinition>
                <FieldDefinition
                 aspect.friendlyName="Supplier classification"
                 aspect.isPrimaryKey="false"
                 baseType="STRING"
                 description="SAP &quot;Lfabc&quot;"
                 name="SupplierClassification"
                 ordinal="11"></FieldDefinition>
                <FieldDefinition
                 aspect.friendlyName="Supplier name"
                 aspect.isPrimaryKey="false"
                 baseType="STRING"
                 description="SAP &quot;Name1&quot;"
                 name="SupplierName"
                 ordinal="6"></FieldDefinition>
                <FieldDefinition
                 aspect.friendlyName="Supplier number at plant"
                 aspect.isPrimaryKey="false"
                 baseType="STRING"
                 description="SAP &quot;Lifnr&quot;"
                 name="SupplierNumberAtPlant"
                 ordinal="5"></FieldDefinition>
                <FieldDefinition
                 aspect.friendlyName="Type of Manufacturing"
                 aspect.isPrimaryKey="false"
                 baseType="STRING"
                 description="SAP &quot;Beskz&quot;"
                 name="TypeOfManufacturing"
                 ordinal="7"></FieldDefinition>
            </FieldDefinitions>
        </DataShape>
    </DataShapes>
</Entities>
