<?xml version="1.0" encoding="UTF-8"?>
<Entities
 build="b692"
 majorVersion="9"
 minorVersion="0"
 modelPersistenceProviderPackage="AzuresqlPersistenceProviderPackage"
 revision="11"
 schemaVersion="1109"
 universal="">
    <DataShapes>
        <DataShape
         baseDataShape=""
         description=""
         documentationContent=""
         homeMashup=""
         lastModifiedDate="2021-03-24T08:40:53.264Z"
         name="SupplierInfoDatashapeForMashup"
         projectName="StockLevelReportAndSupplierInformation"
         tags="">
            <avatar></avatar>
            <DesignTimePermissions>
                <Create></Create>
                <Read></Read>
                <Update></Update>
                <Delete></Delete>
                <Metadata></Metadata>
            </DesignTimePermissions>
            <RunTimePermissions></RunTimePermissions>
            <VisibilityPermissions>
                <Visibility></Visibility>
            </VisibilityPermissions>
            <ConfigurationTableDefinitions></ConfigurationTableDefinitions>
            <ConfigurationTables></ConfigurationTables>
            <FieldDefinitions>
                <FieldDefinition
                 aspect.friendlyName="Dispo relevance"
                 aspect.isPrimaryKey="false"
                 baseType="STRING"
                 description="SAP &quot;Autet&quot;"
                 name="DispoRelevance"
                 ordinal="5"></FieldDefinition>
                <FieldDefinition
                 aspect.friendlyName="DUNS-Nr."
                 aspect.isPrimaryKey="false"
                 baseType="STRING"
                 description="SAP &quot;Kraus&quot;"
                 name="DUNSNumber"
                 ordinal="1"></FieldDefinition>
                <FieldDefinition
                 aspect.friendlyName="Qty current year"
                 aspect.isPrimaryKey="false"
                 baseType="INTEGER"
                 description="SAP &quot;Zlfdj&quot;"
                 name="QuantityCurrentYear"
                 ordinal="9"></FieldDefinition>
                <FieldDefinition
                 aspect.friendlyName="Qty last year"
                 aspect.isPrimaryKey="false"
                 baseType="INTEGER"
                 description="SAP &quot;Zvorj&quot;"
                 name="QuantityLastYear"
                 ordinal="8"></FieldDefinition>
                <FieldDefinition
                 aspect.friendlyName="Supplier name"
                 aspect.isPrimaryKey="false"
                 baseType="STRING"
                 description="SAP &quot;Name1&quot;"
                 name="SupplierName"
                 ordinal="2"></FieldDefinition>
                <FieldDefinition
                 aspect.friendlyName="Type of Manufacturing"
                 aspect.isPrimaryKey="false"
                 baseType="STRING"
                 description="SAP &quot;Beskz&quot;"
                 name="TypeOfManufacturing"
                 ordinal="4"></FieldDefinition>
            </FieldDefinitions>
        </DataShape>
    </DataShapes>
</Entities>
