<?xml version="1.0" encoding="UTF-8"?>
<Entities
 build="b692"
 majorVersion="9"
 minorVersion="0"
 modelPersistenceProviderPackage="AzuresqlPersistenceProviderPackage"
 revision="11"
 schemaVersion="1109"
 universal="">
    <Mashups>
        <Mashup
         aspect.isFlex="true"
         aspect.isResponsive="true"
         aspect.mashupType="mashup"
         columns="0.0"
         description="Advanced responsive mashup containing three contained mashups: Stock Level mashup, Supplier Info mashup and Supplier Info per Plant mashup. Stock Level and Supplier Info are shown side-by-side because they don't have so many columns. Below them, Supplier Info per Plant is shown separately because it has many colums"
         documentationContent=""
         homeMashup=""
         lastModifiedDate="2021-03-24T08:45:55.330Z"
         name="SapInformationMashup"
         projectName="StockLevelReportAndSupplierInformation"
         rows="0.0"
         tags="KB:StockLevelReport">
            <avatar></avatar>
            <DesignTimePermissions>
                <Create></Create>
                <Read>
                    <Principal
                     isPermitted="true"
                     name="PLM4RailTechnicalUsers"
                     type="Group"></Principal>
                </Read>
                <Update></Update>
                <Delete></Delete>
                <Metadata></Metadata>
            </DesignTimePermissions>
            <RunTimePermissions></RunTimePermissions>
            <VisibilityPermissions>
                <Visibility>
                    <Principal
                     isPermitted="true"
                     name="PLM4RailOrganization"
                     type="Organization"></Principal>
                </Visibility>
            </VisibilityPermissions>
            <ConfigurationTableDefinitions></ConfigurationTableDefinitions>
            <ConfigurationTables>
                <ConfigurationTable
                 dataShapeName=""
                 description="Mashup Mobile Settings"
                 isHidden="true"
                 isMultiRow="false"
                 name="MobileSettings"
                 ordinal="0">
                    <DataShape>
                        <FieldDefinitions>
                            <FieldDefinition
                             aspect.defaultValue="false"
                             baseType="BOOLEAN"
                             description=""
                             name="disableZoom"
                             ordinal="0"></FieldDefinition>
                            <FieldDefinition
                             aspect.defaultValue="true"
                             baseType="BOOLEAN"
                             description=""
                             name="fullScreenMode"
                             ordinal="0"></FieldDefinition>
                            <FieldDefinition
                             baseType="STRING"
                             description=""
                             name="height"
                             ordinal="0"></FieldDefinition>
                            <FieldDefinition
                             aspect.defaultValue="device-height"
                             baseType="STRING"
                             description=""
                             name="heightType"
                             ordinal="0"></FieldDefinition>
                            <FieldDefinition
                             aspect.defaultValue="1.0"
                             baseType="NUMBER"
                             description=""
                             name="initialScale"
                             ordinal="0"></FieldDefinition>
                            <FieldDefinition
                             baseType="STRING"
                             description=""
                             name="iosShortcutIconTitle"
                             ordinal="0"></FieldDefinition>
                            <FieldDefinition
                             aspect.defaultValue="black-translucent"
                             baseType="STRING"
                             description=""
                             name="iosStatusBarAppearance"
                             ordinal="0"></FieldDefinition>
                            <FieldDefinition
                             aspect.defaultValue="10.0"
                             baseType="NUMBER"
                             description=""
                             name="maximumScale"
                             ordinal="0"></FieldDefinition>
                            <FieldDefinition
                             aspect.defaultValue="0.1"
                             baseType="NUMBER"
                             description=""
                             name="minimumScale"
                             ordinal="0"></FieldDefinition>
                            <FieldDefinition
                             baseType="STRING"
                             description=""
                             name="width"
                             ordinal="0"></FieldDefinition>
                            <FieldDefinition
                             aspect.defaultValue="device-width"
                             baseType="STRING"
                             description=""
                             name="widthType"
                             ordinal="0"></FieldDefinition>
                        </FieldDefinitions>
                    </DataShape>
                    <Rows>
                        <Row>
                            <disableZoom>false</disableZoom>
                            <fullScreenMode>true</fullScreenMode>
                            <height></height>
                            <heightType>
                            <![CDATA[
                            device-height
                            ]]>
                            </heightType>
                            <initialScale>1.0</initialScale>
                            <iosShortcutIconTitle></iosShortcutIconTitle>
                            <iosStatusBarAppearance>
                            <![CDATA[
                            black-translucent
                            ]]>
                            </iosStatusBarAppearance>
                            <maximumScale>10.0</maximumScale>
                            <minimumScale>0.1</minimumScale>
                            <width></width>
                            <widthType>
                            <![CDATA[
                            device-width
                            ]]>
                            </widthType>
                        </Row>
                    </Rows>
                </ConfigurationTable>
            </ConfigurationTables>
            <ParameterDefinitions>
                <FieldDefinition
                 aspect.bindingDirection="IN"
                 aspect.isMandatory="false"
                 aspect.ordinal="1"
                 baseType="BOOLEAN"
                 description=""
                 name="mashupIsContainingSubmashups"
                 ordinal="0"></FieldDefinition>
                <FieldDefinition
                 aspect.bindingDirection="IN"
                 aspect.isMandatory="false"
                 aspect.ordinal="0"
                 baseType="STRING"
                 description=""
                 name="oid"
                 ordinal="0"></FieldDefinition>
            </ParameterDefinitions>
            <Things>
                <Thing>SAPMashupsHelper</Thing>
            </Things>
            <ThingShapes></ThingShapes>
            <ThingTemplates></ThingTemplates>
            <mashupContent>
            <![CDATA[
            {
              "CustomMashupCss" : "",
              "Data" : {
                "Session" : {
                  "DataName" : "Session",
                  "EntityName" : "",
                  "EntityType" : "Session",
                  "Id" : "session",
                  "Services" : [ {
                    "APIMethod" : "post",
                    "Characteristic" : "Services",
                    "Id" : "SessionInterface",
                    "Name" : "GetGlobalSessionValues",
                    "Parameters" : { },
                    "RefreshInterval" : 0,
                    "Target" : "GetGlobalSessionValues"
                  } ]
                },
                "Things_SAPMashupsHelper" : {
                  "DataName" : "Things_SAPMashupsHelper",
                  "EntityName" : "SAPMashupsHelper",
                  "EntityType" : "Things",
                  "Id" : "9cceddd3-0852-4384-995b-ce80187d86ab",
                  "Services" : [ ]
                },
                "UserExtensions" : {
                  "DataName" : "UserExtensions",
                  "EntityName" : "",
                  "EntityType" : "UserExtensions",
                  "Id" : "UserExtensions",
                  "Services" : [ {
                    "APIMethod" : "post",
                    "Characteristic" : "Services",
                    "Id" : "UserExtensionInterface",
                    "Name" : "GetCurrentUserExtensionProperties",
                    "Parameters" : { },
                    "RefreshInterval" : 0,
                    "Target" : "GetCurrentUserExtensionProperties"
                  } ]
                }
              },
              "DataBindings" : [ {
                "Id" : "50179479-eead-4a9a-8648-927e5b9acf76",
                "PropertyMaps" : [ {
                  "SourceProperty" : "oid",
                  "SourcePropertyBaseType" : "STRING",
                  "SourcePropertyType" : "Property",
                  "TargetProperty" : "oid",
                  "TargetPropertyBaseType" : "STRING",
                  "TargetPropertyType" : "property"
                } ],
                "SourceArea" : "Mashup",
                "SourceId" : "mashup-root",
                "SourceSection" : "",
                "TargetArea" : "UI",
                "TargetId" : "mashupcontainer-16",
                "TargetSection" : ""
              }, {
                "Id" : "58bff2b1-333c-4762-b982-b3221b293213",
                "PropertyMaps" : [ {
                  "SourceProperty" : "oid",
                  "SourcePropertyBaseType" : "STRING",
                  "SourcePropertyType" : "Property",
                  "TargetProperty" : "oid",
                  "TargetPropertyBaseType" : "STRING",
                  "TargetPropertyType" : "property"
                } ],
                "SourceArea" : "Mashup",
                "SourceId" : "mashup-root",
                "SourceSection" : "",
                "TargetArea" : "UI",
                "TargetId" : "mashupcontainer-15",
                "TargetSection" : ""
              }, {
                "Id" : "83e75ffb-7b28-4709-aaf9-e65ccdca9356",
                "PropertyMaps" : [ {
                  "SourceProperty" : "oid",
                  "SourcePropertyBaseType" : "STRING",
                  "SourcePropertyType" : "Property",
                  "TargetProperty" : "oid",
                  "TargetPropertyBaseType" : "STRING",
                  "TargetPropertyType" : "property"
                } ],
                "SourceArea" : "Mashup",
                "SourceId" : "mashup-root",
                "SourceSection" : "",
                "TargetArea" : "UI",
                "TargetId" : "mashupcontainer-17",
                "TargetSection" : ""
              }, {
                "Id" : "864944c1-c339-428a-a1f7-9750d465a467",
                "PropertyMaps" : [ {
                  "SourceProperty" : "mashupIsContainingSubmashups",
                  "SourcePropertyBaseType" : "BOOLEAN",
                  "SourcePropertyType" : "Property",
                  "TargetProperty" : "mashupCalledFromAParentMashup",
                  "TargetPropertyBaseType" : "BOOLEAN",
                  "TargetPropertyType" : "property"
                } ],
                "SourceArea" : "Mashup",
                "SourceId" : "mashup-root",
                "SourceSection" : "",
                "TargetArea" : "UI",
                "TargetId" : "mashupcontainer-15",
                "TargetSection" : ""
              }, {
                "Id" : "db4521cd-9775-4c88-8ac4-72d08c6c2956",
                "PropertyMaps" : [ {
                  "SourceProperty" : "mashupIsContainingSubmashups",
                  "SourcePropertyBaseType" : "BOOLEAN",
                  "SourcePropertyType" : "Property",
                  "TargetProperty" : "mashupCalledFromAParentMashup",
                  "TargetPropertyBaseType" : "BOOLEAN",
                  "TargetPropertyType" : "property"
                } ],
                "SourceArea" : "Mashup",
                "SourceId" : "mashup-root",
                "SourceSection" : "",
                "TargetArea" : "UI",
                "TargetId" : "mashupcontainer-16",
                "TargetSection" : ""
              }, {
                "Id" : "03ea1dff-0894-4733-961b-5a979279ebde",
                "PropertyMaps" : [ {
                  "SourceProperty" : "mashupIsContainingSubmashups",
                  "SourcePropertyBaseType" : "BOOLEAN",
                  "SourcePropertyType" : "Property",
                  "TargetProperty" : "mashupCalledFromAParentMashup",
                  "TargetPropertyBaseType" : "BOOLEAN",
                  "TargetPropertyType" : "property"
                } ],
                "SourceArea" : "Mashup",
                "SourceId" : "mashup-root",
                "SourceSection" : "",
                "TargetArea" : "UI",
                "TargetId" : "mashupcontainer-17",
                "TargetSection" : ""
              } ],
              "DesignTimePermissions" : {
                "Create" : [ ],
                "Delete" : [ ],
                "Metadata" : [ ],
                "Read" : [ {
                  "isPermitted" : true,
                  "name" : "PLM4RailTechnicalUsers",
                  "type" : "Group"
                } ],
                "Update" : [ ]
              },
              "Events" : [ ],
              "RunTimePermissions" : {
                "permissions" : [ ]
              },
              "UI" : {
                "Properties" : {
                  "AddToDashboardButton" : "SimplePlus",
                  "AddToDashboardButtonStyle" : "DefaultAddToDashboardButtonStyle",
                  "Area" : "Mashup",
                  "BGImage" : "",
                  "BGImageRepeat" : "no-repeat",
                  "BGImageSize" : "auto",
                  "Columns" : 0,
                  "ConfigureGadgetButton" : "SimpleGear",
                  "ConfigureGadgetButtonStyle" : "DefaultConfigureGadgetButtonStyle",
                  "DisplayName" : "Mashup",
                  "EnableParameterEditing" : false,
                  "Height" : 618,
                  "Id" : "mashup-root",
                  "IgnoreWarningsInViewMashup" : false,
                  "IsPrintLayout" : false,
                  "Left" : 0,
                  "MashupToEditGadget" : "DefaultMashupToEditGadget",
                  "MinHeight" : 0,
                  "MinWidth" : 0,
                  "ResponsiveLayout" : true,
                  "Rows" : 0,
                  "ShowDataLoading" : true,
                  "Style" : "DefaultMashupStyle",
                  "StyleTheme" : "Base Theme",
                  "Title" : "",
                  "TitleBar" : false,
                  "TitleBarStyle" : "DefaultTitleBarStyle",
                  "TitleBarText" : "Gadget Title Here",
                  "Top" : 0,
                  "Type" : "mashup",
                  "UseTheme" : false,
                  "UseThemeForHybrids" : false,
                  "Visible" : true,
                  "Width" : 1024,
                  "Z-index" : 10,
                  "__TypeDisplayName" : "MashupTemplate",
                  "_currentParameterDefs" : [ {
                    "Aspects" : {
                      "bindingDirection" : "IN",
                      "isMandatory" : false
                    },
                    "BaseType" : "STRING",
                    "Description" : "",
                    "ParameterName" : "oid"
                  }, {
                    "Aspects" : {
                      "bindingDirection" : "IN",
                      "isMandatory" : false
                    },
                    "BaseType" : "BOOLEAN",
                    "DefaultValue" : true,
                    "Description" : "",
                    "ParameterName" : "mashupIsContainingSubmashups"
                  } ],
                  "flex-grow" : 0,
                  "flex-shrink" : 0,
                  "id_index" : 18,
                  "mashupIsContainingSubmashups" : true,
                  "supportsAutoResize" : true
                },
                "Widgets" : [ {
                  "Properties" : {
                    "Area" : "UI",
                    "DisplayName" : "flexcontainer-2",
                    "Id" : "flexcontainer-2",
                    "ResponsiveLayout" : true,
                    "ShowDataLoading" : true,
                    "Style" : "DefaultContainerStyle",
                    "Type" : "flexcontainer",
                    "UseTheme" : false,
                    "Visible" : true,
                    "Z-index" : 10,
                    "__TypeDisplayName" : "Responsive Container",
                    "align-content" : "flex-start",
                    "align-items" : "flex-start",
                    "flex-basis" : "auto",
                    "flex-direction" : "column",
                    "flex-grow" : 1,
                    "flex-height" : 0,
                    "flex-shrink" : 1,
                    "flex-width" : 0,
                    "flex-wrap" : "nowrap",
                    "iconClass" : "widgets-flexcontainer",
                    "isLocked" : false,
                    "justify-content" : "flex-start",
                    "userCannotRemove" : true
                  },
                  "Widgets" : [ {
                    "Properties" : {
                      "Area" : "UI",
                      "DisplayName" : "container-11",
                      "Id" : "flexcontainer-11",
                      "ResponsiveLayout" : true,
                      "ShowDataLoading" : true,
                      "Style" : "DefaultContainerStyle",
                      "Type" : "flexcontainer",
                      "UseTheme" : false,
                      "Visible" : true,
                      "Z-index" : 10,
                      "__TypeDisplayName" : "Responsive Container",
                      "align-content" : "flex-start",
                      "align-items" : "flex-start",
                      "flex-basis" : "auto",
                      "flex-direction" : "row",
                      "flex-grow" : 1,
                      "flex-height" : 421,
                      "flex-shrink" : 1,
                      "flex-width" : 0,
                      "flex-wrap" : "nowrap",
                      "iconClass" : "widgets-flexcontainer-fixed",
                      "isLocked" : false,
                      "justify-content" : "flex-start",
                      "userCannotRemove" : false
                    },
                    "Widgets" : [ {
                      "Properties" : {
                        "Area" : "UI",
                        "DisplayName" : "container-14",
                        "Id" : "flexcontainer-14",
                        "ResponsiveLayout" : true,
                        "ShowDataLoading" : true,
                        "Style" : "DefaultContainerStyle",
                        "Type" : "flexcontainer",
                        "UseTheme" : false,
                        "Visible" : true,
                        "Z-index" : 10,
                        "__TypeDisplayName" : "Responsive Container",
                        "align-content" : "flex-start",
                        "align-items" : "flex-start",
                        "flex-basis" : "auto",
                        "flex-direction" : "row",
                        "flex-grow" : 1,
                        "flex-height" : 0,
                        "flex-shrink" : 1,
                        "flex-width" : 0,
                        "flex-wrap" : "nowrap",
                        "iconClass" : "widgets-flexcontainer",
                        "isLocked" : false,
                        "justify-content" : "flex-start",
                        "userCannotRemove" : false
                      },
                      "Widgets" : [ {
                        "Properties" : {
                          "Area" : "UI",
                          "DisplayName" : "mashupcontainer-15",
                          "Height" : 300,
                          "Id" : "mashupcontainer-15",
                          "Left" : 130,
                          "MashupParameters" : [ {
                            "BaseType" : "INFOTABLE",
                            "Description" : "",
                            "ParameterName" : "initialInfotable",
                            "ParmDef" : {
                              "aspects" : {
                                "bindingDirection" : "BOTH",
                                "dataShape" : "StockLevelInfoDatashape",
                                "isMandatory" : "false",
                                "ordinal" : "1"
                              },
                              "baseType" : "INFOTABLE",
                              "description" : "",
                              "name" : "initialInfotable",
                              "ordinal" : 0
                            }
                          }, {
                            "BaseType" : "STRING",
                            "Description" : "",
                            "ParameterName" : "oid",
                            "ParmDef" : {
                              "aspects" : {
                                "bindingDirection" : "BOTH",
                                "isMandatory" : "false",
                                "ordinal" : "0"
                              },
                              "baseType" : "STRING",
                              "description" : "",
                              "name" : "oid",
                              "ordinal" : 0
                            }
                          }, {
                            "BaseType" : "BOOLEAN",
                            "Description" : "",
                            "ParameterName" : "mashupCalledFromAParentMashup",
                            "ParmDef" : {
                              "aspects" : {
                                "bindingDirection" : "BOTH",
                                "isMandatory" : "false",
                                "ordinal" : "2"
                              },
                              "baseType" : "BOOLEAN",
                              "description" : "",
                              "name" : "mashupCalledFromAParentMashup",
                              "ordinal" : 0
                            }
                          } ],
                          "Name" : "StockLevelInfoMashup",
                          "ResponsiveLayout" : true,
                          "ShowDataLoading" : true,
                          "TabSequenceGroup" : 0,
                          "Top" : 40,
                          "Type" : "mashupcontainer",
                          "Visible" : true,
                          "Width" : 400,
                          "Z-index" : 10,
                          "__TypeDisplayName" : "Contained Mashup"
                        },
                        "Widgets" : [ ]
                      } ]
                    }, {
                      "Properties" : {
                        "Area" : "UI",
                        "DisplayName" : "container-18",
                        "Id" : "flexcontainer-18",
                        "ResponsiveLayout" : true,
                        "ShowDataLoading" : true,
                        "Style" : "DefaultContainerStyle",
                        "Type" : "flexcontainer",
                        "UseTheme" : false,
                        "Visible" : true,
                        "Z-index" : 10,
                        "__TypeDisplayName" : "Responsive Container",
                        "align-content" : "flex-start",
                        "align-items" : "flex-start",
                        "flex-basis" : "auto",
                        "flex-direction" : "row",
                        "flex-grow" : 1,
                        "flex-height" : 0,
                        "flex-shrink" : 1,
                        "flex-width" : 7,
                        "flex-wrap" : "nowrap",
                        "iconClass" : "widgets-flexcontainer-fixed",
                        "isLocked" : false,
                        "justify-content" : "flex-start",
                        "userCannotRemove" : false
                      },
                      "Widgets" : [ ]
                    }, {
                      "Properties" : {
                        "Area" : "UI",
                        "DisplayName" : "container-13",
                        "Id" : "flexcontainer-13",
                        "ResponsiveLayout" : true,
                        "ShowDataLoading" : true,
                        "Style" : "DefaultContainerStyle",
                        "Type" : "flexcontainer",
                        "UseTheme" : false,
                        "Visible" : true,
                        "Z-index" : 10,
                        "__TypeDisplayName" : "Responsive Container",
                        "align-content" : "flex-start",
                        "align-items" : "flex-start",
                        "flex-basis" : "auto",
                        "flex-direction" : "row",
                        "flex-grow" : 1,
                        "flex-height" : 0,
                        "flex-shrink" : 1,
                        "flex-width" : 0,
                        "flex-wrap" : "nowrap",
                        "iconClass" : "widgets-flexcontainer",
                        "isLocked" : false,
                        "justify-content" : "flex-start",
                        "userCannotRemove" : false
                      },
                      "Widgets" : [ {
                        "Properties" : {
                          "Area" : "UI",
                          "DisplayName" : "mashupcontainer-16",
                          "Height" : 300,
                          "Id" : "mashupcontainer-16",
                          "Left" : 65,
                          "MashupParameters" : [ {
                            "BaseType" : "INFOTABLE",
                            "Description" : "",
                            "ParameterName" : "initialInfotable",
                            "ParmDef" : {
                              "aspects" : {
                                "bindingDirection" : "BOTH",
                                "dataShape" : "SupplierInfoDatashape",
                                "isMandatory" : "false",
                                "ordinal" : "1"
                              },
                              "baseType" : "INFOTABLE",
                              "description" : "",
                              "name" : "initialInfotable",
                              "ordinal" : 0
                            }
                          }, {
                            "BaseType" : "STRING",
                            "Description" : "",
                            "ParameterName" : "oid",
                            "ParmDef" : {
                              "aspects" : {
                                "bindingDirection" : "BOTH",
                                "isMandatory" : "false",
                                "ordinal" : "0"
                              },
                              "baseType" : "STRING",
                              "description" : "",
                              "name" : "oid",
                              "ordinal" : 0
                            }
                          }, {
                            "BaseType" : "BOOLEAN",
                            "Description" : "",
                            "ParameterName" : "mashupCalledFromAParentMashup",
                            "ParmDef" : {
                              "aspects" : {
                                "bindingDirection" : "BOTH",
                                "isMandatory" : "false",
                                "ordinal" : "2"
                              },
                              "baseType" : "BOOLEAN",
                              "description" : "",
                              "name" : "mashupCalledFromAParentMashup",
                              "ordinal" : 0
                            }
                          } ],
                          "Name" : "SupplierInfoMashup",
                          "ResponsiveLayout" : true,
                          "ShowDataLoading" : true,
                          "TabSequenceGroup" : 0,
                          "Top" : 25,
                          "Type" : "mashupcontainer",
                          "Visible" : true,
                          "Width" : 400,
                          "Z-index" : 10,
                          "__TypeDisplayName" : "Contained Mashup"
                        },
                        "Widgets" : [ ]
                      } ]
                    } ]
                  }, {
                    "Properties" : {
                      "Area" : "UI",
                      "DisplayName" : "container-12",
                      "Id" : "flexcontainer-12",
                      "ResponsiveLayout" : true,
                      "ShowDataLoading" : true,
                      "Style" : "DefaultContainerStyle",
                      "Type" : "flexcontainer",
                      "UseTheme" : false,
                      "Visible" : true,
                      "Z-index" : 10,
                      "__TypeDisplayName" : "Responsive Container",
                      "align-content" : "flex-start",
                      "align-items" : "flex-start",
                      "flex-basis" : "auto",
                      "flex-direction" : "row",
                      "flex-grow" : 1,
                      "flex-height" : 0,
                      "flex-shrink" : 1,
                      "flex-width" : 0,
                      "flex-wrap" : "nowrap",
                      "iconClass" : "widgets-flexcontainer",
                      "isLocked" : true,
                      "justify-content" : "flex-start",
                      "userCannotRemove" : false
                    },
                    "Widgets" : [ {
                      "Properties" : {
                        "Area" : "UI",
                        "DisplayName" : "mashupcontainer-17",
                        "Height" : 300,
                        "Id" : "mashupcontainer-17",
                        "Left" : 245,
                        "MashupParameters" : [ {
                          "BaseType" : "INFOTABLE",
                          "Description" : "",
                          "ParameterName" : "initialInfotable",
                          "ParmDef" : {
                            "aspects" : {
                              "bindingDirection" : "BOTH",
                              "dataShape" : "SupplierInfoPerPlantDatashape",
                              "isMandatory" : "false",
                              "ordinal" : "1"
                            },
                            "baseType" : "INFOTABLE",
                            "description" : "",
                            "name" : "initialInfotable",
                            "ordinal" : 0
                          }
                        }, {
                          "BaseType" : "STRING",
                          "Description" : "",
                          "ParameterName" : "oid",
                          "ParmDef" : {
                            "aspects" : {
                              "bindingDirection" : "BOTH",
                              "isMandatory" : "false",
                              "ordinal" : "0"
                            },
                            "baseType" : "STRING",
                            "description" : "",
                            "name" : "oid",
                            "ordinal" : 0
                          }
                        }, {
                          "BaseType" : "BOOLEAN",
                          "Description" : "",
                          "ParameterName" : "mashupCalledFromAParentMashup",
                          "ParmDef" : {
                            "aspects" : {
                              "bindingDirection" : "BOTH",
                              "isMandatory" : "false",
                              "ordinal" : "2"
                            },
                            "baseType" : "BOOLEAN",
                            "description" : "",
                            "name" : "mashupCalledFromAParentMashup",
                            "ordinal" : 0
                          }
                        } ],
                        "Name" : "SupplierInfoPerPlantMashup",
                        "ResponsiveLayout" : true,
                        "ShowDataLoading" : true,
                        "TabSequenceGroup" : 0,
                        "Top" : 40,
                        "Type" : "mashupcontainer",
                        "Visible" : true,
                        "Width" : 400,
                        "Z-index" : 10,
                        "__TypeDisplayName" : "Contained Mashup"
                      },
                      "Widgets" : [ ]
                    } ]
                  } ]
                } ]
              },
              "mashupType" : "mashupTemplate"
            }
            ]]>
            </mashupContent>
            <preview></preview>
        </Mashup>
    </Mashups>
</Entities>
