<?xml version="1.0" encoding="UTF-8"?>
<Entities
 build="b692"
 majorVersion="9"
 minorVersion="0"
 modelPersistenceProviderPackage="AzuresqlPersistenceProviderPackage"
 revision="11"
 schemaVersion="1109"
 universal="">
    <Mashups>
        <Mashup
         aspect.isFlex="true"
         aspect.isResponsive="true"
         aspect.mashupType="mashup"
         columns="0.0"
         description="Advanced responsive mashup containing a label &quot;Stock level&quot; in its header and a button for exporting the output of type SapInfoDatashapeForExport by calling SAPMashupsHelperThing in its body"
         documentationContent=""
         homeMashup=""
         lastModifiedDate="2021-03-24T08:45:50.185Z"
         name="SapInfoExportMashup"
         projectName="StockLevelReportAndSupplierInformation"
         rows="0.0"
         tags="">
            <avatar></avatar>
            <DesignTimePermissions>
                <Create></Create>
                <Read></Read>
                <Update></Update>
                <Delete></Delete>
                <Metadata></Metadata>
            </DesignTimePermissions>
            <RunTimePermissions></RunTimePermissions>
            <VisibilityPermissions>
                <Visibility></Visibility>
            </VisibilityPermissions>
            <ConfigurationTableDefinitions></ConfigurationTableDefinitions>
            <ConfigurationTables>
                <ConfigurationTable
                 dataShapeName=""
                 description="Mashup Mobile Settings"
                 isHidden="true"
                 isMultiRow="false"
                 name="MobileSettings"
                 ordinal="0">
                    <DataShape>
                        <FieldDefinitions>
                            <FieldDefinition
                             aspect.defaultValue="false"
                             baseType="BOOLEAN"
                             description=""
                             name="disableZoom"
                             ordinal="0"></FieldDefinition>
                            <FieldDefinition
                             aspect.defaultValue="true"
                             baseType="BOOLEAN"
                             description=""
                             name="fullScreenMode"
                             ordinal="0"></FieldDefinition>
                            <FieldDefinition
                             baseType="STRING"
                             description=""
                             name="height"
                             ordinal="0"></FieldDefinition>
                            <FieldDefinition
                             aspect.defaultValue="device-height"
                             baseType="STRING"
                             description=""
                             name="heightType"
                             ordinal="0"></FieldDefinition>
                            <FieldDefinition
                             aspect.defaultValue="1.0"
                             baseType="NUMBER"
                             description=""
                             name="initialScale"
                             ordinal="0"></FieldDefinition>
                            <FieldDefinition
                             baseType="STRING"
                             description=""
                             name="iosShortcutIconTitle"
                             ordinal="0"></FieldDefinition>
                            <FieldDefinition
                             aspect.defaultValue="black-translucent"
                             baseType="STRING"
                             description=""
                             name="iosStatusBarAppearance"
                             ordinal="0"></FieldDefinition>
                            <FieldDefinition
                             aspect.defaultValue="10.0"
                             baseType="NUMBER"
                             description=""
                             name="maximumScale"
                             ordinal="0"></FieldDefinition>
                            <FieldDefinition
                             aspect.defaultValue="0.1"
                             baseType="NUMBER"
                             description=""
                             name="minimumScale"
                             ordinal="0"></FieldDefinition>
                            <FieldDefinition
                             baseType="STRING"
                             description=""
                             name="width"
                             ordinal="0"></FieldDefinition>
                            <FieldDefinition
                             aspect.defaultValue="device-width"
                             baseType="STRING"
                             description=""
                             name="widthType"
                             ordinal="0"></FieldDefinition>
                        </FieldDefinitions>
                    </DataShape>
                    <Rows>
                        <Row>
                            <disableZoom>false</disableZoom>
                            <fullScreenMode>true</fullScreenMode>
                            <height></height>
                            <heightType>
                            <![CDATA[
                            device-height
                            ]]>
                            </heightType>
                            <initialScale>1.0</initialScale>
                            <iosShortcutIconTitle></iosShortcutIconTitle>
                            <iosStatusBarAppearance>
                            <![CDATA[
                            black-translucent
                            ]]>
                            </iosStatusBarAppearance>
                            <maximumScale>10.0</maximumScale>
                            <minimumScale>0.1</minimumScale>
                            <width></width>
                            <widthType>
                            <![CDATA[
                            device-width
                            ]]>
                            </widthType>
                        </Row>
                    </Rows>
                </ConfigurationTable>
            </ConfigurationTables>
            <ParameterDefinitions>
                <FieldDefinition
                 aspect.bindingDirection="IN"
                 aspect.isMandatory="false"
                 aspect.ordinal="0"
                 baseType="STRING"
                 description=""
                 name="oid"
                 ordinal="0"></FieldDefinition>
            </ParameterDefinitions>
            <Things>
                <Thing>SAPMashupsHelper</Thing>
            </Things>
            <ThingShapes></ThingShapes>
            <ThingTemplates></ThingTemplates>
            <mashupContent>
            <![CDATA[
            {
              "CustomMashupCss" : "",
              "Data" : {
                "Session" : {
                  "DataName" : "Session",
                  "EntityName" : "",
                  "EntityType" : "Session",
                  "Id" : "session",
                  "Services" : [ {
                    "APIMethod" : "post",
                    "Characteristic" : "Services",
                    "Id" : "SessionInterface",
                    "Name" : "GetGlobalSessionValues",
                    "Parameters" : { },
                    "RefreshInterval" : 0,
                    "Target" : "GetGlobalSessionValues"
                  } ]
                },
                "Things_SAPMashupsHelper" : {
                  "DataName" : "Things_SAPMashupsHelper",
                  "EntityName" : "SAPMashupsHelper",
                  "EntityType" : "Things",
                  "Id" : "78143fc1-820c-4cd7-b49b-b42e197bb536",
                  "Services" : [ {
                    "APIMethod" : "post",
                    "Characteristic" : "Services",
                    "Id" : "3970fe43-3106-4a53-b881-c40eb17afb8c",
                    "Name" : "ExportDataToExcelFile",
                    "Parameters" : { },
                    "RefreshInterval" : 0,
                    "Target" : "ExportDataToExcelFile"
                  } ]
                },
                "UserExtensions" : {
                  "DataName" : "UserExtensions",
                  "EntityName" : "",
                  "EntityType" : "UserExtensions",
                  "Id" : "UserExtensions",
                  "Services" : [ {
                    "APIMethod" : "post",
                    "Characteristic" : "Services",
                    "Id" : "UserExtensionInterface",
                    "Name" : "GetCurrentUserExtensionProperties",
                    "Parameters" : { },
                    "RefreshInterval" : 0,
                    "Target" : "GetCurrentUserExtensionProperties"
                  } ]
                }
              },
              "DataBindings" : [ {
                "Id" : "6ff85d68-a5f5-40ee-804f-78397caf8024",
                "PropertyMaps" : [ {
                  "SourceProperty" : "oid",
                  "SourcePropertyBaseType" : "STRING",
                  "TargetProperty" : "oid",
                  "TargetPropertyBaseType" : "STRING",
                  "TargetPropertyType" : "Parameter"
                } ],
                "SourceArea" : "Mashup",
                "SourceId" : "mashup-root",
                "SourceSection" : "",
                "TargetArea" : "Data",
                "TargetId" : "ExportDataToExcelFile",
                "TargetSection" : "Things_SAPMashupsHelper"
              }, {
                "Id" : "81dc5aa3-4d62-4aa0-b0b3-2ab1bdb0455b",
                "PropertyMaps" : [ {
                  "SourceProperty" : "result",
                  "SourcePropertyBaseType" : "HYPERLINK",
                  "SourcePropertyType" : "Field",
                  "TargetProperty" : "SourceURL",
                  "TargetPropertyBaseType" : "STRING",
                  "TargetPropertyType" : "property"
                } ],
                "SourceArea" : "Data",
                "SourceDetails" : "AllData",
                "SourceId" : "ExportDataToExcelFile",
                "SourceSection" : "Things_SAPMashupsHelper",
                "TargetArea" : "UI",
                "TargetId" : "link-7",
                "TargetSection" : ""
              } ],
              "DesignTimePermissions" : {
                "Create" : [ ],
                "Delete" : [ ],
                "Metadata" : [ ],
                "Read" : [ ],
                "Update" : [ ]
              },
              "Events" : [ {
                "EventHandlerArea" : "Data",
                "EventHandlerId" : "Things_SAPMashupsHelper",
                "EventHandlerService" : "ExportDataToExcelFile",
                "EventTriggerArea" : "UI",
                "EventTriggerEvent" : "Clicked",
                "EventTriggerId" : "button-6",
                "EventTriggerSection" : "",
                "Id" : "97d6b763-7b24-48cd-b424-ca75c03bf46c"
              }, {
                "EventHandlerArea" : "UI",
                "EventHandlerId" : "link-7",
                "EventHandlerService" : "Navigate",
                "EventTriggerArea" : "Data",
                "EventTriggerEvent" : "ServiceInvokeCompleted",
                "EventTriggerId" : "ExportDataToExcelFile",
                "EventTriggerSection" : "Things_SAPMashupsHelper",
                "Id" : "2dc72202-045f-446a-9c58-a1e8aa7ecb52"
              } ],
              "RunTimePermissions" : {
                "permissions" : [ ]
              },
              "UI" : {
                "Properties" : {
                  "AddToDashboardButton" : "SimplePlus",
                  "AddToDashboardButtonStyle" : "DefaultAddToDashboardButtonStyle",
                  "Area" : "Mashup",
                  "BGImage" : "",
                  "BGImageRepeat" : "no-repeat",
                  "BGImageSize" : "auto",
                  "Columns" : 0,
                  "ConfigureGadgetButton" : "SimpleGear",
                  "ConfigureGadgetButtonStyle" : "DefaultConfigureGadgetButtonStyle",
                  "DisplayName" : "Mashup",
                  "EnableParameterEditing" : false,
                  "Height" : 618,
                  "Id" : "mashup-root",
                  "IgnoreWarningsInViewMashup" : false,
                  "IsPrintLayout" : false,
                  "Left" : 0,
                  "MashupToEditGadget" : "DefaultMashupToEditGadget",
                  "MinHeight" : 0,
                  "MinWidth" : 0,
                  "ResponsiveLayout" : true,
                  "Rows" : 0,
                  "ShowDataLoading" : true,
                  "Style" : "DefaultMashupStyle",
                  "StyleTheme" : "Base Theme",
                  "Title" : "",
                  "TitleBar" : false,
                  "TitleBarStyle" : "DefaultTitleBarStyle",
                  "TitleBarText" : "Gadget Title Here",
                  "Top" : 0,
                  "Type" : "mashup",
                  "UseTheme" : false,
                  "UseThemeForHybrids" : false,
                  "Visible" : true,
                  "Width" : 1024,
                  "Z-index" : 10,
                  "__TypeDisplayName" : "Mashup",
                  "_currentParameterDefs" : [ {
                    "Aspects" : {
                      "bindingDirection" : "IN",
                      "isMandatory" : false
                    },
                    "BaseType" : "STRING",
                    "Description" : "",
                    "ParameterName" : "oid"
                  } ],
                  "flex-grow" : 0,
                  "id_index" : 7,
                  "supportsAutoResize" : true
                },
                "Widgets" : [ {
                  "Properties" : {
                    "Area" : "UI",
                    "DisplayName" : "flexcontainer-2",
                    "Id" : "flexcontainer-2",
                    "ResponsiveLayout" : true,
                    "ShowDataLoading" : true,
                    "Style" : "DefaultContainerStyle",
                    "Type" : "flexcontainer",
                    "UseTheme" : false,
                    "Visible" : true,
                    "Z-index" : 10,
                    "__TypeDisplayName" : "Flex Container",
                    "align-content" : "flex-start",
                    "align-items" : "flex-start",
                    "flex-basis" : "auto",
                    "flex-direction" : "column",
                    "flex-grow" : 1,
                    "flex-height" : 0,
                    "flex-shrink" : 0,
                    "flex-width" : 0,
                    "flex-wrap" : "nowrap",
                    "iconClass" : "widgets-flexcontainer",
                    "justify-content" : "flex-start",
                    "userCannotRemove" : true
                  },
                  "Widgets" : [ {
                    "Properties" : {
                      "Area" : "UI",
                      "DisplayName" : "Header",
                      "Id" : "flexcontainer-4",
                      "ResponsiveLayout" : true,
                      "ShowDataLoading" : true,
                      "Style" : "DefaultContainerStyle",
                      "Type" : "flexcontainer",
                      "UseTheme" : false,
                      "Visible" : true,
                      "Z-index" : 10,
                      "__TypeDisplayName" : "Flex Container",
                      "align-content" : "flex-start",
                      "align-items" : "flex-start",
                      "flex-basis" : "auto",
                      "flex-direction" : "row",
                      "flex-grow" : 1,
                      "flex-height" : 31,
                      "flex-shrink" : 0,
                      "flex-width" : 0,
                      "flex-wrap" : "nowrap",
                      "iconClass" : "widgets-flexcontainer-fixed",
                      "isLocked" : false,
                      "justify-content" : "flex-start",
                      "userCannotRemove" : false
                    },
                    "Widgets" : [ {
                      "Properties" : {
                        "Alignment" : "left",
                        "AllowEllipsis" : false,
                        "Area" : "UI",
                        "Description" : "",
                        "DisplayName" : "FileDownload",
                        "Height" : 22,
                        "Id" : "label-5",
                        "Left" : 50,
                        "Margin" : "5",
                        "ResponsiveLayout" : false,
                        "ShowDataLoading" : true,
                        "Style" : "DefaultLabelStyle",
                        "Text" : "File Download",
                        "ToolTipField" : "",
                        "ToolTipStyle" : "DefaultTooltipStyle",
                        "Top" : 20,
                        "Type" : "label",
                        "Visible" : true,
                        "Width" : 90,
                        "Z-index" : 10,
                        "__TypeDisplayName" : "Label",
                        "__supportsTooltip" : true
                      },
                      "Widgets" : [ ]
                    } ]
                  }, {
                    "Properties" : {
                      "Area" : "UI",
                      "DisplayName" : "Body",
                      "Id" : "flexcontainer-3",
                      "ResponsiveLayout" : true,
                      "ShowDataLoading" : true,
                      "Style" : "DefaultContainerStyle",
                      "Type" : "flexcontainer",
                      "UseTheme" : false,
                      "Visible" : true,
                      "Z-index" : 10,
                      "__TypeDisplayName" : "Flex Container",
                      "align-content" : "flex-start",
                      "align-items" : "flex-start",
                      "flex-basis" : "auto",
                      "flex-direction" : "row",
                      "flex-grow" : 1,
                      "flex-height" : 0,
                      "flex-shrink" : 0,
                      "flex-width" : 0,
                      "flex-wrap" : "nowrap",
                      "iconClass" : "widgets-flexcontainer",
                      "isLocked" : true,
                      "justify-content" : "flex-start",
                      "userCannotRemove" : false
                    },
                    "Widgets" : [ {
                      "Properties" : {
                        "ActiveStyle" : "DefaultButtonActiveStyle",
                        "Area" : "UI",
                        "CancelConfirmationButton" : "button2",
                        "ConfirmationButton1Label" : "Yes",
                        "ConfirmationButton2Label" : "No",
                        "ConfirmationPrompt" : "Do Action?",
                        "ConfirmationRequired" : false,
                        "ConfirmationTitle" : "Confirm Action",
                        "ContextId" : "",
                        "DefaultConfirmationButton" : "button1",
                        "Disabled" : false,
                        "DisabledStyle" : "DefaultButtonDisabledStyle",
                        "DisplayName" : "button-6",
                        "FocusStyle" : "DefaultButtonFocusStyle",
                        "Height" : 30,
                        "HoverStyle" : "DefaultButtonHoverStyle",
                        "IconAlignment" : "left",
                        "Id" : "button-6",
                        "Label" : "Export SAP-Info",
                        "Left" : 0,
                        "Margin" : "5",
                        "ResponsiveLayout" : false,
                        "RoundedCorners" : true,
                        "ShowDataLoading" : true,
                        "SingleClickSelectOnTablets" : true,
                        "Style" : "DefaultButtonStyle",
                        "TabSequence" : 0,
                        "ToolTipField" : "",
                        "ToolTipStyle" : "DefaultTooltipStyle",
                        "Top" : 31,
                        "Type" : "button",
                        "Visible" : true,
                        "Width" : 110,
                        "Z-index" : 100,
                        "__TypeDisplayName" : "Button",
                        "__supportsTooltip" : true
                      },
                      "Widgets" : [ ]
                    }, {
                      "Properties" : {
                        "Alignment" : "left",
                        "Area" : "UI",
                        "DisplayName" : "link-7",
                        "Height" : 20,
                        "Id" : "link-7",
                        "Left" : 28,
                        "LinkDisplay" : "textOnly",
                        "LinkHoverStyle" : "DefaultLinkHoverStyle",
                        "LinkStyle" : "DefaultLinkStyle",
                        "Margin" : "5",
                        "ResponsiveLayout" : false,
                        "ShowDataLoading" : true,
                        "SourceURL" : "",
                        "TabSequence" : 0,
                        "TargetWindow" : "new",
                        "Text" : "Link Text",
                        "ToolTipField" : "",
                        "ToolTipStyle" : "DefaultTooltipStyle",
                        "Top" : 40,
                        "Type" : "link",
                        "Visible" : false,
                        "Width" : 55,
                        "Z-index" : 10,
                        "__TypeDisplayName" : "Link",
                        "__supportsTooltip" : true
                      },
                      "Widgets" : [ ]
                    } ]
                  } ]
                } ]
              },
              "mashupType" : "mashup"
            }
            ]]>
            </mashupContent>
            <preview></preview>
        </Mashup>
    </Mashups>
</Entities>
