<?xml version="1.0" encoding="UTF-8"?>
<Entities
 build="b692"
 majorVersion="9"
 minorVersion="0"
 modelPersistenceProviderPackage="AzuresqlPersistenceProviderPackage"
 revision="11"
 schemaVersion="1109"
 universal="">
    <Mashups>
        <Mashup
         aspect.isFlex="true"
         aspect.isResponsive="true"
         aspect.mashupType="mashup"
         columns="0.0"
         description="Responsive mashup containing a label &quot;Supplier Info per Plant&quot; in its header and an advanced grid for showing the SupplierInfoPerPlant among output of type getSapInfo by calling SAPMashupsHelperThing in its body"
         documentationContent=""
         homeMashup=""
         lastModifiedDate="2021-12-03T07:47:51.154Z"
         name="SupplierInfoPerPlantMashup"
         projectName="StockLevelReportAndSupplierInformation"
         rows="0.0"
         tags="">
            <avatar></avatar>
            <DesignTimePermissions>
                <Create></Create>
                <Read>
                    <Principal
                     isPermitted="true"
                     name="PLM4RailTechnicalUsers"
                     type="Group"></Principal>
                </Read>
                <Update></Update>
                <Delete></Delete>
                <Metadata></Metadata>
            </DesignTimePermissions>
            <RunTimePermissions></RunTimePermissions>
            <VisibilityPermissions>
                <Visibility>
                    <Principal
                     isPermitted="true"
                     name="PLM4RailOrganization"
                     type="Organization"></Principal>
                </Visibility>
            </VisibilityPermissions>
            <ConfigurationTableDefinitions></ConfigurationTableDefinitions>
            <ConfigurationTables>
                <ConfigurationTable
                 dataShapeName=""
                 description="Mashup Mobile Settings"
                 isHidden="true"
                 isMultiRow="false"
                 name="MobileSettings"
                 ordinal="0">
                    <DataShape>
                        <FieldDefinitions>
                            <FieldDefinition
                             aspect.defaultValue="false"
                             baseType="BOOLEAN"
                             description=""
                             name="disableZoom"
                             ordinal="0"></FieldDefinition>
                            <FieldDefinition
                             aspect.defaultValue="true"
                             baseType="BOOLEAN"
                             description=""
                             name="fullScreenMode"
                             ordinal="0"></FieldDefinition>
                            <FieldDefinition
                             baseType="STRING"
                             description=""
                             name="height"
                             ordinal="0"></FieldDefinition>
                            <FieldDefinition
                             aspect.defaultValue="device-height"
                             baseType="STRING"
                             description=""
                             name="heightType"
                             ordinal="0"></FieldDefinition>
                            <FieldDefinition
                             aspect.defaultValue="1.0"
                             baseType="NUMBER"
                             description=""
                             name="initialScale"
                             ordinal="0"></FieldDefinition>
                            <FieldDefinition
                             baseType="STRING"
                             description=""
                             name="iosShortcutIconTitle"
                             ordinal="0"></FieldDefinition>
                            <FieldDefinition
                             aspect.defaultValue="black-translucent"
                             baseType="STRING"
                             description=""
                             name="iosStatusBarAppearance"
                             ordinal="0"></FieldDefinition>
                            <FieldDefinition
                             aspect.defaultValue="10.0"
                             baseType="NUMBER"
                             description=""
                             name="maximumScale"
                             ordinal="0"></FieldDefinition>
                            <FieldDefinition
                             aspect.defaultValue="0.1"
                             baseType="NUMBER"
                             description=""
                             name="minimumScale"
                             ordinal="0"></FieldDefinition>
                            <FieldDefinition
                             baseType="STRING"
                             description=""
                             name="width"
                             ordinal="0"></FieldDefinition>
                            <FieldDefinition
                             aspect.defaultValue="device-width"
                             baseType="STRING"
                             description=""
                             name="widthType"
                             ordinal="0"></FieldDefinition>
                        </FieldDefinitions>
                    </DataShape>
                    <Rows>
                        <Row>
                            <disableZoom>false</disableZoom>
                            <fullScreenMode>true</fullScreenMode>
                            <height></height>
                            <heightType>
                            <![CDATA[
                            device-height
                            ]]>
                            </heightType>
                            <initialScale>1.0</initialScale>
                            <iosShortcutIconTitle></iosShortcutIconTitle>
                            <iosStatusBarAppearance>
                            <![CDATA[
                            black-translucent
                            ]]>
                            </iosStatusBarAppearance>
                            <maximumScale>10.0</maximumScale>
                            <minimumScale>0.1</minimumScale>
                            <width></width>
                            <widthType>
                            <![CDATA[
                            device-width
                            ]]>
                            </widthType>
                        </Row>
                    </Rows>
                </ConfigurationTable>
            </ConfigurationTables>
            <ParameterDefinitions>
                <FieldDefinition
                 aspect.bindingDirection="BOTH"
                 aspect.isMandatory="false"
                 baseType="BOOLEAN"
                 description=""
                 name="mashupCalledFromAParentMashup"
                 ordinal="0"></FieldDefinition>
                <FieldDefinition
                 aspect.bindingDirection="BOTH"
                 aspect.isMandatory="false"
                 baseType="STRING"
                 description=""
                 name="oid"
                 ordinal="0"></FieldDefinition>
            </ParameterDefinitions>
            <Things></Things>
            <ThingShapes></ThingShapes>
            <ThingTemplates></ThingTemplates>
            <mashupContent>
            <![CDATA[
            {
              "CustomMashupCss" : "",
              "Data" : {
                "Session" : {
                  "DataName" : "Session",
                  "EntityName" : "",
                  "EntityType" : "Session",
                  "Id" : "session",
                  "Services" : [ {
                    "APIMethod" : "post",
                    "Characteristic" : "Services",
                    "Id" : "SessionInterface",
                    "Name" : "GetGlobalSessionValues",
                    "Parameters" : { },
                    "RefreshInterval" : 0,
                    "Target" : "GetGlobalSessionValues"
                  } ]
                },
                "Things_SAPMashupsHelper" : {
                  "DataName" : "Things_SAPMashupsHelper",
                  "EntityName" : "SAPMashupsHelper",
                  "EntityType" : "Things",
                  "Id" : "e2629dde-a7b1-4ac3-93d9-a251c678c0c0",
                  "Services" : [ {
                    "APIMethod" : "post",
                    "Characteristic" : "Services",
                    "Id" : "34027e6d-c70b-4056-b2d2-21f5c66e1124",
                    "Name" : "getSapSupplierInfoPerPlantFromSoapService",
                    "Parameters" : { },
                    "RefreshInterval" : 0,
                    "Target" : "getSapSupplierInfoPerPlantFromSoapService"
                  } ]
                },
                "UserExtensions" : {
                  "DataName" : "UserExtensions",
                  "EntityName" : "",
                  "EntityType" : "UserExtensions",
                  "Id" : "UserExtensions",
                  "Services" : [ {
                    "APIMethod" : "post",
                    "Characteristic" : "Services",
                    "Id" : "UserExtensionInterface",
                    "Name" : "GetCurrentUserExtensionProperties",
                    "Parameters" : { },
                    "RefreshInterval" : 0,
                    "Target" : "GetCurrentUserExtensionProperties"
                  } ]
                }
              },
              "DataBindings" : [ {
                "Id" : "2ce00bcb-947b-4194-b322-adc2fd007328",
                "PropertyMaps" : [ {
                  "SourceProperty" : "oid",
                  "SourcePropertyBaseType" : "STRING",
                  "TargetProperty" : "oid",
                  "TargetPropertyBaseType" : "STRING",
                  "TargetPropertyType" : "Parameter"
                } ],
                "SourceArea" : "Mashup",
                "SourceId" : "mashup-root",
                "SourceSection" : "",
                "TargetArea" : "Data",
                "TargetId" : "getSapSupplierInfoPerPlantFromSoapService",
                "TargetSection" : "Things_SAPMashupsHelper"
              }, {
                "Id" : "b5fb6b6f-71cb-48a0-a3f0-e46aa514d006",
                "PropertyMaps" : [ {
                  "SourceProperty" : "",
                  "SourcePropertyBaseType" : "INFOTABLE",
                  "TargetProperty" : "data",
                  "TargetPropertyBaseType" : "INFOTABLE",
                  "TargetPropertyType" : "Parameter"
                } ],
                "SourceArea" : "Data",
                "SourceDetails" : "AllData",
                "SourceId" : "getSapSupplierInfoPerPlantFromSoapService",
                "SourceSection" : "Things_SAPMashupsHelper",
                "TargetArea" : "Data",
                "TargetId" : "getSapSupplierInfoPerPlantFromSoapService",
                "TargetSection" : "Things_SAPMashupsHelper"
              }, {
                "Id" : "562ba6a7-609e-4b43-8f93-ad8887185989",
                "PropertyMaps" : [ {
                  "SourceProperty" : "mashupCalledFromAParentMashup",
                  "SourcePropertyBaseType" : "BOOLEAN",
                  "TargetProperty" : "callingFromContainedMashup",
                  "TargetPropertyBaseType" : "BOOLEAN",
                  "TargetPropertyType" : "Parameter"
                } ],
                "SourceArea" : "Mashup",
                "SourceId" : "mashup-root",
                "SourceSection" : "",
                "TargetArea" : "Data",
                "TargetId" : "getSapSupplierInfoPerPlantFromSoapService",
                "TargetSection" : "Things_SAPMashupsHelper"
              }, {
                "Id" : "55bb1c18-18c4-4d7f-906d-b54520492e84",
                "PropertyMaps" : [ {
                  "SourceProperty" : "",
                  "SourcePropertyBaseType" : "INFOTABLE",
                  "SourcePropertyType" : "InfoTable",
                  "TargetProperty" : "Data",
                  "TargetPropertyBaseType" : "INFOTABLE",
                  "TargetPropertyType" : "property"
                } ],
                "SourceArea" : "Data",
                "SourceDetails" : "AllData",
                "SourceId" : "getSapSupplierInfoPerPlantFromSoapService",
                "SourceName" : "getSapSupplierInfoPerPlantFromSoapService",
                "SourceSection" : "Things_SAPMashupsHelper",
                "TargetArea" : "UI",
                "TargetId" : "treegridadvanced-11",
                "TargetSection" : ""
              }, {
                "Id" : "b8fc8147-9176-40c9-96fd-8fc1ebc6911a",
                "PropertyMaps" : [ {
                  "SourceProperty" : "QueryFilter",
                  "SourcePropertyBaseType" : "QUERY",
                  "SourcePropertyType" : "Property",
                  "TargetProperty" : "query",
                  "TargetPropertyBaseType" : "QUERY",
                  "TargetPropertyType" : "Parameter"
                } ],
                "SourceArea" : "UI",
                "SourceDetails" : "",
                "SourceId" : "treegridadvanced-11",
                "SourceSection" : "",
                "TargetArea" : "Data",
                "TargetId" : "getSapSupplierInfoPerPlantFromSoapService",
                "TargetSection" : "Things_SAPMashupsHelper"
              } ],
              "DesignTimePermissions" : {
                "Create" : [ ],
                "Delete" : [ ],
                "Metadata" : [ ],
                "Read" : [ {
                  "isPermitted" : true,
                  "name" : "PLM4RailTechnicalUsers",
                  "type" : "Group"
                } ],
                "Update" : [ ]
              },
              "Events" : [ {
                "EventHandlerArea" : "Data",
                "EventHandlerId" : "Things_SAPMashupsHelper",
                "EventHandlerService" : "getSapSupplierInfoPerPlantFromSoapService",
                "EventTriggerArea" : "Mashup",
                "EventTriggerEvent" : "initialInfotableChanged",
                "EventTriggerId" : "mashup-root",
                "EventTriggerSection" : "",
                "Id" : "30b6af0f-783d-4130-8e50-f66d79b36879"
              }, {
                "EventHandlerArea" : "Data",
                "EventHandlerId" : "Things_SAPMashupsHelper",
                "EventHandlerService" : "getSapSupplierInfoPerPlantFromSoapService",
                "EventTriggerArea" : "Mashup",
                "EventTriggerEvent" : "mashupCalledFromAParentMashupChanged",
                "EventTriggerId" : "mashup-root",
                "EventTriggerSection" : "",
                "Id" : "43a6c7a9-ea15-4673-a781-15f13c8e85b5"
              }, {
                "EventHandlerArea" : "Data",
                "EventHandlerId" : "Things_SAPMashupsHelper",
                "EventHandlerService" : "getSapSupplierInfoPerPlantFromSoapService",
                "EventTriggerArea" : "Mashup",
                "EventTriggerEvent" : "Loaded",
                "EventTriggerId" : "mashup-root",
                "EventTriggerSection" : "",
                "Id" : "e39a2709-4eb5-4ba3-ba51-8c36d470f2c0"
              }, {
                "EventHandlerArea" : "Data",
                "EventHandlerId" : "Things_SAPMashupsHelper",
                "EventHandlerService" : "getSapSupplierInfoPerPlantFromSoapService",
                "EventTriggerArea" : "UI",
                "EventTriggerEvent" : "Filter",
                "EventTriggerId" : "treegridadvanced-11",
                "EventTriggerSection" : "",
                "Id" : "39e6fd45-ba96-4139-9a5e-06a489a2f117"
              } ],
              "RunTimePermissions" : {
                "permissions" : [ ]
              },
              "UI" : {
                "Properties" : {
                  "AddToDashboardButton" : "SimplePlus",
                  "AddToDashboardButtonStyle" : "DefaultAddToDashboardButtonStyle",
                  "Area" : "Mashup",
                  "BGImage" : "",
                  "BGImageRepeat" : "no-repeat",
                  "BGImageSize" : "auto",
                  "Columns" : 0,
                  "ConfigureGadgetButton" : "SimpleGear",
                  "ConfigureGadgetButtonStyle" : "DefaultConfigureGadgetButtonStyle",
                  "DisplayName" : "Mashup",
                  "EnableParameterEditing" : false,
                  "Height" : 618,
                  "Id" : "mashup-root",
                  "IgnoreWarningsInViewMashup" : false,
                  "IsPrintLayout" : false,
                  "Left" : 0,
                  "MashupToEditGadget" : "DefaultMashupToEditGadget",
                  "MinHeight" : 0,
                  "MinWidth" : 0,
                  "ResponsiveLayout" : true,
                  "Rows" : 0,
                  "ShowDataLoading" : true,
                  "Style" : "DefaultMashupStyle",
                  "StyleTheme" : "Base Theme",
                  "Title" : "",
                  "TitleBar" : false,
                  "TitleBarStyle" : "DefaultTitleBarStyle",
                  "TitleBarText" : "Gadget Title Here",
                  "Top" : 0,
                  "Type" : "mashup",
                  "UseMasterTheme" : false,
                  "UseTheme" : false,
                  "UseThemeForHybrids" : false,
                  "Visible" : true,
                  "Width" : 1024,
                  "Z-index" : 10,
                  "__TypeDisplayName" : "Mashup",
                  "_currentParameterDefs" : [ {
                    "Aspects" : {
                      "bindingDirection" : "BOTH",
                      "isMandatory" : false
                    },
                    "BaseType" : "STRING",
                    "Description" : "",
                    "ParameterName" : "oid"
                  }, {
                    "Aspects" : {
                      "bindingDirection" : "BOTH",
                      "isMandatory" : false
                    },
                    "BaseType" : "BOOLEAN",
                    "Description" : "",
                    "ParameterName" : "mashupCalledFromAParentMashup"
                  } ],
                  "flex-grow" : 0,
                  "id_index" : 11,
                  "supportsAutoResize" : true
                },
                "Widgets" : [ {
                  "Properties" : {
                    "Area" : "UI",
                    "DisplayName" : "flexcontainer-2",
                    "EnableExpandCollapse" : false,
                    "Expanded" : true,
                    "Id" : "flexcontainer-2",
                    "LastContainer" : true,
                    "Overlay" : false,
                    "ResponsiveLayout" : true,
                    "ShowDataLoading" : true,
                    "ShowExpandCollapseTab" : false,
                    "SourceURL" : "",
                    "Style" : "DefaultContainerStyle",
                    "StyleProperties" : { },
                    "Type" : "flexcontainer",
                    "UseTheme" : false,
                    "Visible" : true,
                    "Z-index" : 10,
                    "__TypeDisplayName" : "Flex Container",
                    "align-content" : "flex-start",
                    "align-items" : "flex-start",
                    "flex-basis" : "auto",
                    "flex-direction" : "column",
                    "flex-grow" : 1,
                    "flex-height" : 0,
                    "flex-max-height" : "",
                    "flex-max-width" : "",
                    "flex-min-height" : "",
                    "flex-min-width" : "",
                    "flex-shrink" : 0,
                    "flex-size" : "default",
                    "flex-width" : 0,
                    "flex-wrap" : "nowrap",
                    "iconClass" : "widgets-flexcontainer",
                    "justify-content" : "flex-start",
                    "positioning" : "responsive",
                    "userCannotRemove" : true
                  },
                  "Widgets" : [ {
                    "Properties" : {
                      "Area" : "UI",
                      "DisplayName" : "Header",
                      "EnableExpandCollapse" : false,
                      "Expanded" : true,
                      "Id" : "flexcontainer-4",
                      "LastContainer" : false,
                      "Overlay" : false,
                      "ResponsiveLayout" : true,
                      "ShowDataLoading" : true,
                      "ShowExpandCollapseTab" : false,
                      "SourceURL" : "",
                      "Style" : "DefaultContainerStyle",
                      "StyleProperties" : { },
                      "Type" : "flexcontainer",
                      "UseTheme" : false,
                      "Visible" : true,
                      "Z-index" : 10,
                      "__TypeDisplayName" : "Flex Container",
                      "align-content" : "flex-start",
                      "align-items" : "flex-start",
                      "flex-basis" : "auto",
                      "flex-direction" : "row",
                      "flex-grow" : 1,
                      "flex-height" : 0,
                      "flex-max-height" : "22px",
                      "flex-max-width" : "",
                      "flex-min-height" : "22px",
                      "flex-min-width" : "",
                      "flex-shrink" : 0,
                      "flex-size" : "default",
                      "flex-width" : 0,
                      "flex-wrap" : "nowrap",
                      "iconClass" : "widgets-flexcontainer-fixed",
                      "isLocked" : false,
                      "justify-content" : "flex-start",
                      "positioning" : "responsive",
                      "userCannotRemove" : false
                    },
                    "Widgets" : [ {
                      "Properties" : {
                        "Alignment" : "left",
                        "AllowEllipsis" : false,
                        "Area" : "UI",
                        "Description" : "",
                        "DisplayName" : "SupplierInfoPerPlant",
                        "Height" : 22,
                        "Id" : "label-5",
                        "LastContainer" : false,
                        "Left" : 60,
                        "Margin" : "0",
                        "ResponsiveLayout" : false,
                        "ShowDataLoading" : true,
                        "Style" : "KB.StockLevelReportAndSupplierInformation.TableTitleStyle",
                        "Text" : "Supplier Info per Plant",
                        "ToolTipField" : "",
                        "ToolTipStyle" : "DefaultTooltipStyle",
                        "Top" : 10,
                        "Type" : "label",
                        "Visible" : true,
                        "Width" : 130,
                        "Z-index" : 10,
                        "__TypeDisplayName" : "Label",
                        "__supportsTooltip" : true
                      },
                      "Widgets" : [ ]
                    } ]
                  }, {
                    "Properties" : {
                      "Area" : "UI",
                      "DisplayName" : "container-9",
                      "EnableExpandCollapse" : false,
                      "Expanded" : true,
                      "Id" : "flexcontainer-9",
                      "LastContainer" : false,
                      "Overlay" : false,
                      "ResponsiveLayout" : false,
                      "ShowDataLoading" : true,
                      "ShowExpandCollapseTab" : false,
                      "SourceURL" : "",
                      "Style" : "DefaultContainerStyle",
                      "StyleProperties" : { },
                      "Type" : "flexcontainer",
                      "UseTheme" : true,
                      "Visible" : true,
                      "Z-index" : 10,
                      "__TypeDisplayName" : "Responsive Container",
                      "align-content" : "flex-start",
                      "align-items" : "flex-start",
                      "flex-basis" : "auto",
                      "flex-direction" : "row",
                      "flex-grow" : 1,
                      "flex-max-height" : "",
                      "flex-max-width" : "",
                      "flex-min-height" : "",
                      "flex-min-width" : "",
                      "flex-shrink" : 1,
                      "flex-size" : "default",
                      "flex-wrap" : "nowrap",
                      "iconClass" : "widgets-flexcontainer",
                      "isLocked" : true,
                      "justify-content" : "flex-start",
                      "positioning" : "responsive",
                      "userCannotRemove" : false
                    },
                    "Widgets" : [ {
                      "Properties" : {
                        "Area" : "UI",
                        "AutoScroll" : true,
                        "CellBorderStyle" : "DefaultCellBorderStyle",
                        "ChildDataServiceBindingDef" : {
                          "entityName" : "SAPMashupsHelper",
                          "entityType" : "Things",
                          "target" : "getSapStockLevelInfoFromSoapService"
                        },
                        "ColumnFormat" : {
                          "formatInfo" : [ {
                            "Align" : "left",
                            "AllowEdit" : false,
                            "FieldName" : "SAPPlantId",
                            "FormatOptions" : {
                              "FormatString" : "full",
                              "formatInfo" : {
                                "FieldName" : "",
                                "StateDefinition" : "",
                                "StateDefinitionType" : "fixed",
                                "StateFormats" : [ {
                                  "state" : "",
                                  "stateName" : "fixed"
                                } ]
                              },
                              "renderer" : "STRING",
                              "roundingEnabled" : true,
                              "showDependentField" : false
                            },
                            "Title" : "Plant",
                            "Width" : "auto",
                            "headerTextAlignment" : "left",
                            "hidden" : false,
                            "inLayout" : true
                          }, {
                            "Align" : "left",
                            "AllowEdit" : false,
                            "FieldName" : "SAPPlantName",
                            "FormatOptions" : {
                              "FormatString" : "full",
                              "formatInfo" : {
                                "FieldName" : "",
                                "StateDefinition" : "",
                                "StateDefinitionType" : "fixed",
                                "StateFormats" : [ {
                                  "state" : "",
                                  "stateName" : "fixed"
                                } ]
                              },
                              "renderer" : "STRING",
                              "roundingEnabled" : true,
                              "showDependentField" : false
                            },
                            "Title" : "SAP Plant",
                            "Width" : "auto",
                            "headerTextAlignment" : "left",
                            "hidden" : false,
                            "inLayout" : true
                          }, {
                            "Align" : "left",
                            "AllowEdit" : false,
                            "FieldName" : "IsProcurementSite",
                            "FormatOptions" : {
                              "FormatString" : "full",
                              "formatInfo" : {
                                "FieldName" : "",
                                "StateDefinition" : "",
                                "StateDefinitionType" : "fixed",
                                "StateFormats" : [ {
                                  "state" : "",
                                  "stateName" : "fixed"
                                } ]
                              },
                              "renderer" : "STRING",
                              "roundingEnabled" : true,
                              "showDependentField" : false
                            },
                            "Title" : "Proc. Site",
                            "Width" : "auto",
                            "headerTextAlignment" : "left",
                            "hidden" : false,
                            "inLayout" : true
                          }, {
                            "Align" : "left",
                            "AllowEdit" : false,
                            "FieldName" : "DUNSNumber",
                            "FormatOptions" : {
                              "FormatString" : "full",
                              "formatInfo" : {
                                "FieldName" : "",
                                "StateDefinition" : "",
                                "StateDefinitionType" : "fixed",
                                "StateFormats" : [ {
                                  "state" : "",
                                  "stateName" : "fixed"
                                } ]
                              },
                              "renderer" : "STRING",
                              "roundingEnabled" : true,
                              "showDependentField" : false
                            },
                            "Title" : "DUNS-Nr.",
                            "Width" : "auto",
                            "headerTextAlignment" : "left",
                            "hidden" : false,
                            "inLayout" : true
                          }, {
                            "Align" : "left",
                            "AllowEdit" : false,
                            "FieldName" : "SupplierNumberAtPlant",
                            "FormatOptions" : {
                              "FormatString" : "full",
                              "formatInfo" : {
                                "FieldName" : "",
                                "StateDefinition" : "",
                                "StateDefinitionType" : "fixed",
                                "StateFormats" : [ {
                                  "state" : "",
                                  "stateName" : "fixed"
                                } ]
                              },
                              "renderer" : "STRING",
                              "roundingEnabled" : true,
                              "showDependentField" : false
                            },
                            "Title" : "Supplier number at plant",
                            "Width" : "auto",
                            "headerTextAlignment" : "left",
                            "hidden" : false,
                            "inLayout" : true
                          }, {
                            "Align" : "left",
                            "AllowEdit" : false,
                            "FieldName" : "SupplierName",
                            "FormatOptions" : {
                              "FormatString" : "full",
                              "formatInfo" : {
                                "FieldName" : "",
                                "StateDefinition" : "",
                                "StateDefinitionType" : "fixed",
                                "StateFormats" : [ {
                                  "state" : "",
                                  "stateName" : "fixed"
                                } ]
                              },
                              "renderer" : "STRING",
                              "roundingEnabled" : true,
                              "showDependentField" : false
                            },
                            "Title" : "Supplier Name",
                            "Width" : "auto",
                            "headerTextAlignment" : "left",
                            "hidden" : false,
                            "inLayout" : true
                          }, {
                            "Align" : "left",
                            "AllowEdit" : false,
                            "FieldName" : "TypeOfManufacturing",
                            "FormatOptions" : {
                              "FormatString" : "full",
                              "formatInfo" : {
                                "FieldName" : "",
                                "StateDefinition" : "",
                                "StateDefinitionType" : "fixed",
                                "StateFormats" : [ {
                                  "state" : "",
                                  "stateName" : "fixed"
                                } ]
                              },
                              "renderer" : "STRING",
                              "roundingEnabled" : true,
                              "showDependentField" : false
                            },
                            "Title" : "Type Of manufacturing",
                            "Width" : "auto",
                            "headerTextAlignment" : "left",
                            "hidden" : false,
                            "inLayout" : true
                          }, {
                            "Align" : "left",
                            "AllowEdit" : false,
                            "FieldName" : "DispoRelevance",
                            "FormatOptions" : {
                              "FormatString" : "full",
                              "formatInfo" : {
                                "FieldName" : "",
                                "StateDefinition" : "",
                                "StateDefinitionType" : "fixed",
                                "StateFormats" : [ {
                                  "state" : "",
                                  "stateName" : "fixed"
                                } ]
                              },
                              "renderer" : "STRING",
                              "roundingEnabled" : true,
                              "showDependentField" : false
                            },
                            "Title" : "Dispo relevance",
                            "Width" : "auto",
                            "headerTextAlignment" : "left",
                            "hidden" : false,
                            "inLayout" : true
                          }, {
                            "Align" : "left",
                            "AllowEdit" : false,
                            "FieldName" : "SupplierClassification",
                            "FormatOptions" : {
                              "FormatString" : "full",
                              "formatInfo" : {
                                "FieldName" : "",
                                "StateDefinition" : "",
                                "StateDefinitionType" : "fixed",
                                "StateFormats" : [ {
                                  "state" : "",
                                  "stateName" : "fixed"
                                } ]
                              },
                              "renderer" : "STRING",
                              "roundingEnabled" : true,
                              "showDependentField" : false
                            },
                            "Title" : "Supplier classification",
                            "Width" : "auto",
                            "headerTextAlignment" : "left",
                            "hidden" : false,
                            "inLayout" : true
                          }, {
                            "Align" : "left",
                            "AllowEdit" : false,
                            "FieldName" : "QuantityLastYear",
                            "FormatOptions" : {
                              "FormatString" : "full",
                              "formatInfo" : {
                                "FieldName" : "",
                                "StateDefinition" : "",
                                "StateDefinitionType" : "fixed",
                                "StateFormats" : [ {
                                  "state" : "",
                                  "stateName" : "fixed"
                                } ]
                              },
                              "renderer" : "STRING",
                              "roundingEnabled" : true,
                              "showDependentField" : false
                            },
                            "Title" : "Qty last year",
                            "Width" : "auto",
                            "headerTextAlignment" : "left",
                            "hidden" : false,
                            "inLayout" : true
                          }, {
                            "Align" : "left",
                            "AllowEdit" : false,
                            "FieldName" : "QuantityCurrentYear",
                            "FormatOptions" : {
                              "FormatString" : "full",
                              "formatInfo" : {
                                "FieldName" : "",
                                "StateDefinition" : "",
                                "StateDefinitionType" : "fixed",
                                "StateFormats" : [ {
                                  "state" : "",
                                  "stateName" : "fixed"
                                } ]
                              },
                              "renderer" : "STRING",
                              "roundingEnabled" : true,
                              "showDependentField" : false
                            },
                            "Title" : "Qty current year",
                            "Width" : "auto",
                            "headerTextAlignment" : "left",
                            "hidden" : false,
                            "inLayout" : true
                          } ]
                        },
                        "Configuration" : "",
                        "ConfigurationId" : 35,
                        "CookiePersistence" : true,
                        "DataOverflow" : "clipped",
                        "DataServiceBindingDef" : {
                          "entityName" : "SAPMashupsHelper",
                          "entityType" : "Things",
                          "target" : "getSapSupplierInfoPerPlantFromSoapService"
                        },
                        "DefaultSelectedRows" : "",
                        "Description" : "StockLevel",
                        "DisplayName" : "treegridadvanced-11",
                        "EnableContextMenu" : true,
                        "EnableFilterEventOnConfigChange" : true,
                        "EnableGridReset" : true,
                        "EnableGridSearch" : false,
                        "EnableSorting" : true,
                        "ExpandLoadedRows" : false,
                        "ExpandRowOnDoubleClick" : false,
                        "FocusStyle" : "DefaultFocusStyle",
                        "GridResetButtonLocation" : "top-right",
                        "GridSearchLocation" : "top-left",
                        "HasChildrenFieldName" : "hasChildren",
                        "HeaderOverflow" : "tooltip",
                        "Height" : 200,
                        "IDFieldName" : "SAPDispositionArea",
                        "Id" : "treegridadvanced-11",
                        "IncludeRowExpansionParents" : false,
                        "IsEditable" : false,
                        "LastContainer" : false,
                        "Left" : 100,
                        "MaxHeaderHeight" : 100,
                        "MaxRowCacheSize" : 50000,
                        "MinRowHeight" : 30,
                        "ParentIDFieldName" : "ParentId",
                        "PreserveRowExpansion" : false,
                        "ResponsiveLayout" : true,
                        "RowAlternateBackgroundStyle" : "DefaultGridAdvancedRowAlternateBackgroundStyle",
                        "RowBackgroundStyle" : "DefaultGridAdvancedRowBackgroundStyle",
                        "RowCollapseIconStyle" : "DefaultRowCollapseIconStyle",
                        "RowExpansionIconStyle" : "DefaultRowExpansionIconStyle",
                        "RowFormat_StateParameters" : [ ],
                        "RowHoverStyle" : "DefaultGridAdvancedRowHoverStyle",
                        "RowIconStyle" : "DefaultRowIconStyle",
                        "RowSelectedStyle" : "DefaultGridAdvancedRowSelectedStyle",
                        "RowSelection" : "list",
                        "SelectedRows" : "",
                        "ShowDataLoading" : true,
                        "SortAscendingStyle" : "DefaultSortAscendingStyle",
                        "SortDescendingStyle" : "DefaultSortDescendingStyle",
                        "TableHeaderStyle" : "KB.StockLevelReportAndSupplierInformation.TableHeaderStyle",
                        "TableWrapperStyle" : "KB.StockLevelReportAndSupplierInformation.TableHeaderStyle",
                        "ToolbarStyle" : "KB.StockLevelReportAndSupplierInformation.TableToolbarStyle",
                        "TooltipStyle" : "DefaultTooltipStyle",
                        "Top" : 35,
                        "Type" : "treegridadvanced",
                        "Visible" : true,
                        "Width" : 400,
                        "Z-index" : 10,
                        "__TypeDisplayName" : "Tree Grid Advanced",
                        "isLocked" : false
                      },
                      "Widgets" : [ ]
                    } ]
                  } ]
                } ]
              },
              "mashupType" : "mashup"
            }
            ]]>
            </mashupContent>
            <preview></preview>
        </Mashup>
    </Mashups>
</Entities>
