<?xml version="1.0" encoding="UTF-8" standalone="no"?>
<Entities>
    <ExtensionPackages>
        <ExtensionPackage name="twx-wdg-knorrbremse-boxplot" 
				description="Boxplot"
                vendor="PSC"
				packageVersion="0.0.89"
				minimumThingWorxVersion="5.4.0"/>
    </ExtensionPackages>
    <Widgets>
        <Widget name="boxplot">
            <UIResources>
                <FileResource description="tbd" file="boxplot.ide.js" isDevelopment="true" isRuntime="false" type="JS"/>
                <FileResource description="tbd" file="boxplot.ide.css" isDevelopment="true" isRuntime="false" type="CSS"/>
                <FileResource description="tbd" file="boxplot.runtime.js" isDevelopment="false" isRuntime="true" type="JS"/>
                <FileResource description="tbd" file="boxplot.runtime.css" isDevelopment="false" isRuntime="true" type="CSS"/>
		<FileResource type="JS" file="plotly-latest.min.js" description="" isDevelopment="false" isRuntime="true" />
            </UIResources>
        </Widget>
    </Widgets>
</Entities>
