<?xml version="1.0" encoding="UTF-8" standalone="no"?>
<Entities>
    <ExtensionPackages>
        <ExtensionPackage name="ValueDisplayKB_V9" 
				description="ValueDisplayKB_V9"
                vendor=""
				packageVersion="1.0.0"
				minimumThingWorxVersion="5.4.0"/>
    </ExtensionPackages>
    <Widgets>
        <Widget name="valuedisplaykb">
            <UIResources>
                <FileResource description="" file="valuedisplaykb.ide.js" isDevelopment="true" isRuntime="false" type="JS"/>
                <FileResource description="" file="valuedisplaykb.ide.css" isDevelopment="true" isRuntime="false" type="CSS"/>
                <FileResource description="" file="valuedisplaykb.runtime.js" isDevelopment="false" isRuntime="true" type="JS"/>
                <FileResource description="" file="valuedisplaykb.runtime.css" isDevelopment="false" isRuntime="true" type="CSS"/>
				<FileResource type="JS" file="valuedisplaykb.customdialog.ide.js" description="" isDevelopment="false" isRuntime="true"/>
				<FileResource type="JS" file="valuedisplaykb.ide.js" description="" isDevelopment="false" isRuntime="true"/>
				<FileResource type="JS" file="valuedisplaykb.runtime.js" description="" isDevelopment="false" isRuntime="true"/>
            </UIResources>
        </Widget>
    </Widgets>
</Entities>
