<?xml version="1.0" encoding="UTF-8"?>
<Entities>
	<ExtensionPackages>
		<ExtensionPackage name="ProgressGauge_ExtensionPackage"
			description="ProgressGauge Widget" vendor="ThingWorx Customer Service"
			packageVersion="2.0" minimumThingWorxVersion="4.0.0" />
	</ExtensionPackages>
	<Widgets>
		<Widget name="progressgauge">
			<UIResources>
				<!-- Studio ONLY -->
				<FileResource type="CSS" file="progressgauge.ide.css"
					description="" isDevelopment="true" isRuntime="false" />
				<FileResource type="JS" file="progressgauge.ide.js"
					description="" isDevelopment="true" isRuntime="false" />
				<!-- Runtime/Squeal ONLY -->
				<FileResource type="CSS" file="progressgauge.runtime.css"
					description="" isDevelopment="false" isRuntime="true" />
				<FileResource type="JS" file="progressgauge.runtime.js"
					description="" isDevelopment="false" isRuntime="true" />
			</UIResources>
		</Widget>
	</Widgets>
	<StyleDefinitions>
		<StyleDefinition description="" documentationContent="" homeMashup="" lastModifiedDate="2013-02-10T10:39:13.270-05:00" name="DefaultProgressGaugeStyle">
			<content><![CDATA[{"fontEmphasisUnderline":false,"displayString":"","textSize":"normal","fontEmphasisItalic":false,"lineColor":"","backgroundColor":"","lineStyle":"solid","lineThickness":1,"image":"","secondaryBackgroundColor":"","fontEmphasisBold":false,"foregroundColor":""}]]></content>
			<avatar />
			<DesignTimePermissions>
				<Create />
				<Read />
				<Update />
				<Delete />
				<Metadata />
			</DesignTimePermissions>
			<RunTimePermissions />
		</StyleDefinition>
		<StyleDefinition description="" documentationContent="" homeMashup="" lastModifiedDate="2013-02-10T10:39:48.654-05:00" name="DefaultProgressGaugeIndicatorStyle">
			<content><![CDATA[{"fontEmphasisUnderline":false,"displayString":"","textSize":"3xl","fontEmphasisItalic":false,"lineColor":"","backgroundColor":"#0cfa83","lineStyle":"solid","lineThickness":1,"image":"","secondaryBackgroundColor":"#5cffa3","fontEmphasisBold":true,"foregroundColor":"#0cfa83"}]]></content>
			<avatar />
			<DesignTimePermissions>
				<Create />
				<Read />
				<Update />
				<Delete />
				<Metadata />
			</DesignTimePermissions>
			<RunTimePermissions />
		</StyleDefinition>
		<StyleDefinition description="" documentationContent="" homeMashup="" lastModifiedDate="2013-02-10T10:39:23.276-05:00" name="DefaultProgressGaugeFaceStyle">
			<content><![CDATA[{"fontEmphasisUnderline":false,"displayString":"","textSize":"normal","fontEmphasisItalic":false,"lineColor":"","backgroundColor":"#828282","lineStyle":"solid","lineThickness":1,"image":"","secondaryBackgroundColor":"#dadada","fontEmphasisBold":true,"foregroundColor":""}]]></content>
			<avatar />
			<DesignTimePermissions>
				<Create />
				<Read />
				<Update />
				<Delete />
				<Metadata />
			</DesignTimePermissions>
			<RunTimePermissions />
		</StyleDefinition>
	</StyleDefinitions>
	<Resources />
</Entities>
