<?xml version="1.0" encoding="UTF-8" standalone="no"?>
<Entities build="latest" majorVersion="0" minorVersion="0" modelPersistenceProviderPackage="NeoPersistenceProviderPackage" revision="0" schemaVersion="910">
    <StyleDefinitions>
        <StyleDefinition aspect.isEditableSystemObject="true" aspect.isThemeObject="true" description="Default chart body style - Theme: Thingworx" documentationContent="" homeMashup="" lastModifiedDate="2016-04-11T21:07:26.110-04:00" name="DefaultChartBodyStyle" projectName="" tags="">
            <Owner name="Administrator" type="User"/>
            <avatar/>
            <DesignTimePermissions>
                <Create/>
                <Read/>
                <Update/>
                <Delete/>
                <Metadata/>
            </DesignTimePermissions>
            <RunTimePermissions/>
            <VisibilityPermissions>
                <Visibility/>
            </VisibilityPermissions>
            <ConfigurationTables/>
            <content><![CDATA[{"image":"","backgroundColor":"","textSize":"normal","lineStyle":"solid","fontEmphasisUnderline":false,"displayString":"","fontEmphasisItalic":false,"lineThickness":1,"lineColor":"","foregroundColor":"","fontEmphasisBold":false,"secondaryBackgroundColor":""}]]></content>
            <ConfigurationChanges>
            </ConfigurationChanges>
        </StyleDefinition>
    </StyleDefinitions>
</Entities>
