<?xml version="1.0" encoding="UTF-8" standalone="no"?>
<Entities build="latest" majorVersion="0" minorVersion="0" modelPersistenceProviderPackage="NeoPersistenceProviderPackage" revision="0" schemaVersion="910">
    <StyleDefinitions>
        <StyleDefinition aspect.isEditableSystemObject="true" aspect.isThemeObject="true" description="Default chart axis style - Theme: Thingworx" documentationContent="" homeMashup="" lastModifiedDate="2016-03-31T22:14:48.270-04:00" name="DefaultChartAxisStyle" projectName="" tags="">
            <Owner name="Administrator" type="User"/>
            <avatar/>
            <DesignTimePermissions>
                <Create/>
                <Read/>
                <Update/>
                <Delete/>
                <Metadata/>
            </DesignTimePermissions>
            <RunTimePermissions/>
            <VisibilityPermissions>
                <Visibility/>
            </VisibilityPermissions>
            <ConfigurationTables/>
            <content><![CDATA[{"image":"","backgroundColor":"","textSize":"large","lineStyle":"solid","fontEmphasisUnderline":false,"displayString":"","fontEmphasisItalic":false,"lineThickness":1,"lineColor":"#37849a","foregroundColor":"#000000","fontEmphasisBold":true,"secondaryBackgroundColor":""}]]></content>
            <ConfigurationChanges>
                <ConfigurationChange changeAction="CREATE" changeReason="" timestamp="2015-11-30T15:25:35.316-05:00" user="SuperUser"/>
                <ConfigurationChange changeAction="MODIFY" changeReason="header : secondaryBackgroundColor : updated, backgroundColor : updated, foregroundColor : updated, textSize : updated&#10;" timestamp="2016-03-31T22:14:21.203-04:00" user="Administrator"/>
                <ConfigurationChange changeAction="MODIFY" changeReason="" timestamp="2016-03-31T22:14:48.270-04:00" user="Administrator"/>
            </ConfigurationChanges>
        </StyleDefinition>
    </StyleDefinitions>
</Entities>
