<?xml version="1.0" encoding="UTF-8"?>
<Entities
 build="b692"
 majorVersion="9"
 minorVersion="0"
 modelPersistenceProviderPackage="AzuresqlPersistenceProviderPackage"
 revision="11"
 schemaVersion="1109"
 universal="">
    <ThingTemplates>
        <ThingTemplate
         baseThingTemplate="GenericThing"
         description="Thing template which models the Connection between ThingWorx and SAP for the stock Level and supplier Information report"
         documentationContent=""
         effectiveThingPackage="ConfiguredThing"
         homeMashup=""
         inheritedValueStream=""
         lastModifiedDate="2022-04-26T06:42:21.852Z"
         name="SapSoapConnectorThingTemplate"
         projectName="StockLevelReportAndSupplierInformation"
         tags="KB:StockLevelReport"
         thingPackage=""
         valueStream="">
            <avatar></avatar>
            <DesignTimePermissions>
                <Create></Create>
                <Read></Read>
                <Update></Update>
                <Delete></Delete>
                <Metadata></Metadata>
            </DesignTimePermissions>
            <RunTimePermissions></RunTimePermissions>
            <VisibilityPermissions>
                <Visibility></Visibility>
            </VisibilityPermissions>
            <ConfigurationTableDefinitions></ConfigurationTableDefinitions>
            <ConfigurationTables></ConfigurationTables>
            <PropertyBindings></PropertyBindings>
            <RemotePropertyBindings></RemotePropertyBindings>
            <RemoteServiceBindings></RemoteServiceBindings>
            <RemoteEventBindings></RemoteEventBindings>
            <AlertConfigurations>
                <AlertDefinitions
                 name="Logger"></AlertDefinitions>
                <AlertDefinitions
                 name="Password"></AlertDefinitions>
                <AlertDefinitions
                 name="URL"></AlertDefinitions>
                <AlertDefinitions
                 name="URL_STOCK_LEVEL"></AlertDefinitions>
                <AlertDefinitions
                 name="URL_SUPPLIER_INFO"></AlertDefinitions>
                <AlertDefinitions
                 name="URL_SUPPLIER_INFO_PER_PLANT"></AlertDefinitions>
                <AlertDefinitions
                 name="Username"></AlertDefinitions>
            </AlertConfigurations>
            <ThingShape>
                <PropertyDefinitions>
                    <PropertyDefinition
                     aspect.cacheTime="0.0"
                     aspect.dataChangeType="VALUE"
                     aspect.defaultValue="false"
                     aspect.isPersistent="true"
                     baseType="BOOLEAN"
                     category=""
                     description="to enable or disable logger"
                     isLocalOnly="false"
                     name="Logger"
                     ordinal="8"></PropertyDefinition>
                    <PropertyDefinition
                     aspect.cacheTime="0.0"
                     aspect.dataChangeType="VALUE"
                     aspect.isPersistent="true"
                     baseType="PASSWORD"
                     category=""
                     description="SAP user password"
                     isLocalOnly="false"
                     name="Password"
                     ordinal="3"></PropertyDefinition>
                    <PropertyDefinition
                     aspect.cacheTime="0.0"
                     aspect.dataChangeType="VALUE"
                     aspect.defaultValue="http://kmpap107.corp.knorr-bremse.com:8007/sap/bc/srt/rfc/sap/zzp_stock_and_suplier_info/001/zzp_stock_and_suplier_info/zzp"
                     aspect.isPersistent="true"
                     baseType="STRING"
                     category=""
                     description="SAP SOAP webservice URL"
                     isLocalOnly="false"
                     name="URL"
                     ordinal="4"></PropertyDefinition>
                    <PropertyDefinition
                     aspect.cacheTime="0.0"
                     aspect.dataChangeType="VALUE"
                     aspect.isPersistent="true"
                     baseType="STRING"
                     category=""
                     description=""
                     isLocalOnly="false"
                     name="URL_STOCK_LEVEL"
                     ordinal="7"></PropertyDefinition>
                    <PropertyDefinition
                     aspect.cacheTime="0.0"
                     aspect.dataChangeType="VALUE"
                     aspect.isPersistent="true"
                     baseType="STRING"
                     category=""
                     description=""
                     isLocalOnly="false"
                     name="URL_SUPPLIER_INFO"
                     ordinal="5"></PropertyDefinition>
                    <PropertyDefinition
                     aspect.cacheTime="0.0"
                     aspect.dataChangeType="VALUE"
                     aspect.isPersistent="true"
                     baseType="STRING"
                     category=""
                     description=""
                     isLocalOnly="false"
                     name="URL_SUPPLIER_INFO_PER_PLANT"
                     ordinal="6"></PropertyDefinition>
                    <PropertyDefinition
                     aspect.cacheTime="0.0"
                     aspect.dataChangeType="VALUE"
                     aspect.defaultValue="PLM4RAIL_WS"
                     aspect.isPersistent="true"
                     baseType="STRING"
                     category=""
                     description="SAP username"
                     isLocalOnly="false"
                     name="Username"
                     ordinal="2"></PropertyDefinition>
                </PropertyDefinitions>
                <ServiceDefinitions>
                    <ServiceDefinition
                     aspect.isAsync="false"
                     category="get"
                     description="Queries the SAP webservice for the given article number and returns a SapInfoDatashapeForExport filled by iterating through the SOAP response"
                     isAllowOverride="false"
                     isLocalOnly="false"
                     isOpen="false"
                     isPrivate="false"
                     name="getSapInfoForExportFromSoapService">
                        <ResultType
                         aspect.dataShape="SapInfoDatashapeForExport"
                         baseType="INFOTABLE"
                         description="SapInfoDatashapeForExport infotable filled by iterating through the SAP SOAP response"
                         name="result"
                         ordinal="0"></ResultType>
                        <ParameterDefinitions>
                            <FieldDefinition
                             aspect.isRequired="true"
                             baseType="STRING"
                             description="Article number"
                             name="articleNumber"
                             ordinal="1"></FieldDefinition>
                        </ParameterDefinitions>
                    </ServiceDefinition>
                    <ServiceDefinition
                     aspect.isAsync="false"
                     category="get"
                     description="Queries the SAP webservice for the given article number and returns a SapInfoDatashape filled by iterating through the SOAP response"
                     isAllowOverride="false"
                     isLocalOnly="false"
                     isOpen="false"
                     isPrivate="false"
                     name="getSapInfoFromSoapService">
                        <ResultType
                         aspect.dataShape="SapInfoDatashape"
                         baseType="INFOTABLE"
                         description="SapInfoDatashape infotable filled by iterating through the SAP SOAP response"
                         name="result"
                         ordinal="0"></ResultType>
                        <ParameterDefinitions>
                            <FieldDefinition
                             aspect.isRequired="true"
                             baseType="STRING"
                             description="Article number"
                             name="articleNumber"
                             ordinal="1"></FieldDefinition>
                        </ParameterDefinitions>
                    </ServiceDefinition>
                    <ServiceDefinition
                     aspect.isAsync="false"
                     category="get"
                     description="Queries the SAP webservice for the given article number and returns a StockLevelInfoDatashape filled by iterating through the SOAP response"
                     isAllowOverride="false"
                     isLocalOnly="false"
                     isOpen="false"
                     isPrivate="false"
                     name="getSapStockLevelInfoFromSoapService">
                        <ResultType
                         aspect.dataShape="StockLevelInfoDatashape"
                         baseType="INFOTABLE"
                         description="StockLevelInfoDatashape infotable filled by iterating through the SAP SOAP response"
                         name="result"
                         ordinal="0"></ResultType>
                        <ParameterDefinitions>
                            <FieldDefinition
                             aspect.isRequired="true"
                             baseType="STRING"
                             description="Article number"
                             name="articleNumber"
                             ordinal="1"></FieldDefinition>
                        </ParameterDefinitions>
                    </ServiceDefinition>
                    <ServiceDefinition
                     aspect.isAsync="false"
                     category="get"
                     description="Queries the SAP webservice for the given article number and returns a SupplierInfoDatashape filled by iterating through the SOAP response"
                     isAllowOverride="false"
                     isLocalOnly="false"
                     isOpen="false"
                     isPrivate="false"
                     name="getSapSupplierInfoFromSoapService">
                        <ResultType
                         aspect.dataShape="SupplierInfoDatashape"
                         baseType="INFOTABLE"
                         description="SupplierInfoDatashape infotable filled by iterating through the SAP SOAP response"
                         name="result"
                         ordinal="0"></ResultType>
                        <ParameterDefinitions>
                            <FieldDefinition
                             aspect.isRequired="true"
                             baseType="STRING"
                             description="Article number"
                             name="articleNumber"
                             ordinal="1"></FieldDefinition>
                        </ParameterDefinitions>
                    </ServiceDefinition>
                    <ServiceDefinition
                     aspect.isAsync="false"
                     category="get"
                     description="Queries the SAP webservice for the given article number and returns a SupplierInfoPerPlantDatashape filled by iterating through the SOAP response"
                     isAllowOverride="false"
                     isLocalOnly="false"
                     isOpen="false"
                     isPrivate="false"
                     name="getSapSupplierInfoPerPlantFromSoapService">
                        <ResultType
                         aspect.dataShape="SupplierInfoPerPlantDatashape"
                         baseType="INFOTABLE"
                         description="SupplierInfoPerPlantDatashape infotable filled by iterating through the SAP SOAP response"
                         name="result"
                         ordinal="0"></ResultType>
                        <ParameterDefinitions>
                            <FieldDefinition
                             aspect.isRequired="true"
                             baseType="STRING"
                             description="Article number"
                             name="articleNumber"
                             ordinal="1"></FieldDefinition>
                        </ParameterDefinitions>
                    </ServiceDefinition>
                    <ServiceDefinition
                     aspect.isAsync="false"
                     category="get"
                     description="Calls the SAP SOAP webservice with an articleNumber and returns the XML response returned by that service"
                     isAllowOverride="false"
                     isLocalOnly="false"
                     isOpen="false"
                     isPrivate="false"
                     name="getSapXmlFromSoapService">
                        <ResultType
                         baseType="XML"
                         description="XML containing the SOAP response of the SAP webservice"
                         name="result"
                         ordinal="0"></ResultType>
                        <ParameterDefinitions>
                            <FieldDefinition
                             aspect.isRequired="true"
                             baseType="STRING"
                             description="Article number"
                             name="articleNumber"
                             ordinal="1"></FieldDefinition>
                        </ParameterDefinitions>
                    </ServiceDefinition>
                    <ServiceDefinition
                     aspect.isAsync="false"
                     category="get"
                     description=""
                     isAllowOverride="false"
                     isLocalOnly="false"
                     isOpen="false"
                     isPrivate="false"
                     name="getSapXmlFromSoapServiceForSupplierInfoPerPlant">
                        <ResultType
                         baseType="XML"
                         description=""
                         name="result"
                         ordinal="0"></ResultType>
                        <ParameterDefinitions>
                            <FieldDefinition
                             baseType="STRING"
                             description=""
                             name="articleNumber"
                             ordinal="1"></FieldDefinition>
                        </ParameterDefinitions>
                    </ServiceDefinition>
                    <ServiceDefinition
                     aspect.isAsync="false"
                     category="get"
                     description=""
                     isAllowOverride="false"
                     isLocalOnly="false"
                     isOpen="false"
                     isPrivate="false"
                     name="getSapXmlFromSoapServicetForSupplierInfo">
                        <ResultType
                         baseType="XML"
                         description=""
                         name="result"
                         ordinal="0"></ResultType>
                        <ParameterDefinitions>
                            <FieldDefinition
                             aspect.isRequired="false"
                             baseType="STRING"
                             description=""
                             name="articleNumber"
                             ordinal="1"></FieldDefinition>
                        </ParameterDefinitions>
                    </ServiceDefinition>
                    <ServiceDefinition
                     aspect.isAsync="false"
                     category="parse"
                     description="Parse XML input to an infotable containing the Stock Level for export information"
                     isAllowOverride="false"
                     isLocalOnly="false"
                     isOpen="false"
                     isPrivate="false"
                     name="parseStockLevelInfoForExportFromXML">
                        <ResultType
                         aspect.dataShape="StockLevelInfoDatashapeForExport"
                         baseType="INFOTABLE"
                         description="Stock Level Info for export infotable filled from XML input"
                         name="result"
                         ordinal="0"></ResultType>
                        <ParameterDefinitions>
                            <FieldDefinition
                             aspect.isRequired="true"
                             baseType="XML"
                             description="Xml input retrieved from SAP"
                             name="xmlInput"
                             ordinal="1"></FieldDefinition>
                        </ParameterDefinitions>
                    </ServiceDefinition>
                    <ServiceDefinition
                     aspect.isAsync="false"
                     category="parse"
                     description="Parse XML input to an infotable containing the Stock Level information"
                     isAllowOverride="false"
                     isLocalOnly="false"
                     isOpen="false"
                     isPrivate="false"
                     name="parseStockLevelInfoFromXML">
                        <ResultType
                         aspect.dataShape="StockLevelInfoDatashape"
                         baseType="INFOTABLE"
                         description="Stock Level Info infotable filled from XML input"
                         name="result"
                         ordinal="0"></ResultType>
                        <ParameterDefinitions>
                            <FieldDefinition
                             aspect.isRequired="true"
                             baseType="XML"
                             description="Xml input retrieved from SAP"
                             name="xmlInput"
                             ordinal="1"></FieldDefinition>
                        </ParameterDefinitions>
                    </ServiceDefinition>
                    <ServiceDefinition
                     aspect.isAsync="false"
                     category="parse"
                     description="Parse XML input to an infotable containing the Supplier information"
                     isAllowOverride="false"
                     isLocalOnly="false"
                     isOpen="false"
                     isPrivate="false"
                     name="parseSupplierInfoFromXML">
                        <ResultType
                         aspect.dataShape="SupplierInfoDatashape"
                         baseType="INFOTABLE"
                         description="Supplier Info infotable filled from XML input"
                         name="result"
                         ordinal="0"></ResultType>
                        <ParameterDefinitions>
                            <FieldDefinition
                             aspect.isRequired="true"
                             baseType="XML"
                             description="Xml input retrieved from SAP"
                             name="xmlInput"
                             ordinal="1"></FieldDefinition>
                        </ParameterDefinitions>
                    </ServiceDefinition>
                    <ServiceDefinition
                     aspect.isAsync="false"
                     category="parse"
                     description="Parse XML input to an infotable containing the Supplier Info Per Plant information"
                     isAllowOverride="false"
                     isLocalOnly="false"
                     isOpen="false"
                     isPrivate="false"
                     name="parseSupplierInfoPerPlantFromXML">
                        <ResultType
                         aspect.dataShape="SupplierInfoPerPlantDatashape"
                         baseType="INFOTABLE"
                         description="Supplier Info Per Plant infotable filled from XML input"
                         name="result"
                         ordinal="0"></ResultType>
                        <ParameterDefinitions>
                            <FieldDefinition
                             aspect.isRequired="true"
                             baseType="XML"
                             description="Xml input retrieved from SAP"
                             name="xmlInput"
                             ordinal="1"></FieldDefinition>
                        </ParameterDefinitions>
                    </ServiceDefinition>
                </ServiceDefinitions>
                <EventDefinitions></EventDefinitions>
                <ServiceMappings></ServiceMappings>
                <ServiceImplementations>
                    <ServiceImplementation
                     description=""
                     handlerName="Script"
                     name="getSapInfoForExportFromSoapService">
                        <ConfigurationTables>
                            <ConfigurationTable
                             dataShapeName=""
                             description=""
                             isMultiRow="false"
                             name="Script"
                             ordinal="0">
                                <DataShape>
                                    <FieldDefinitions>
                                        <FieldDefinition
                                         baseType="STRING"
                                         description="code"
                                         name="code"
                                         ordinal="0"></FieldDefinition>
                                    </FieldDefinitions>
                                </DataShape>
                                <Rows>
                                    <Row>
                                        <code>
                                        <![CDATA[
                                        //Service written by Harald Fiedler - PTC Customer Success
                                        if(me.Logger)
                                        	logger.debug(me.name + ' - getSapInfoForExportFromSoapService - Service execution started for article ' + articleNumber);
                                        
                                        //A - Call the service getSapXmlFromSoapService to the XML response from the SAP webservice "getxmlInput"
                                        var xmlInput = me.getSapXmlFromSoapService({
                                        	articleNumber: articleNumber /* STRING */
                                        });
                                        
                                        //B - Create all infotables needed for storing the data retrieved from SAP.
                                        var paramsForSapInfoExport_infotable = {
                                        	infoTableName: "InfoTable",
                                        	dataShapeName: "SapInfoDatashapeForExport"
                                        };
                                        // CreateInfoTableFromDataShape(infoTableName:STRING("InfoTable"), dataShapeName:STRING):INFOTABLE(SapInfoDatashapeForExport)
                                        var sapInfoForExport_infotable = Resources["InfoTableFunctions"].CreateInfoTableFromDataShape(paramsForSapInfoExport_infotable);
                                        
                                        var stockLevelInfoForExport_infotable = me.getSapStockLevelInfoFromSoapService({
                                        	articleNumber: articleNumber /* STRING */
                                        });
                                        
                                        var supplierInfoForExport_infotable = me.getSapSupplierInfoFromSoapService({
                                        	articleNumber: articleNumber /* STRING */
                                        });
                                        
                                        var supplierInfoPerPlantForExport_infotable = me.getSapSupplierInfoPerPlantFromSoapService({
                                        	articleNumber: articleNumber /* STRING */
                                        });
                                        
                                        
                                        
                                        
                                        //F- Finally filling the global SAP infotable
                                        //We retrieve the article number and the SAP timestamp
                                        //Even though we give the article number as parameter to SAP, we need of course to display the article number returned by SAP
                                        var articleNumberRetrievedFromSap;
                                        var etRequirementsFound;
                                        var sapInfoForExport_infotable_entry = new Object();
                                        var queryTimestamp;
                                        if (xmlInput !== undefined && xmlInput.*::Body.*::["ZzpStockAndSuplierInfoResponse"] !== undefined) {
                                        	// Check if timestamp has been sent by SAP (should be the case even when the article does not exist in SAP
                                            queryTimestamp = sapInfoForExport_infotable_entry.QueryTimestamp = xmlInput.*::Body.*::["ZzpStockAndSuplierInfoResponse"].Otimestamp;
                                        	if (queryTimestamp !== undefined) {
                                        		sapInfoForExport_infotable_entry.QueryTimestamp = queryTimestamp;
                                        	} else {
                                        		logger.error(me.name + ' - getSapInfoForExportFromSoapService - No timestamp received from SAP for article ' + articleNumber);
                                        	}
                                            etRequirementsFound = xmlInput.*::Body.*::["ZzpStockAndSuplierInfoResponse"].EtRequirementsFound;
                                        	// Check if article has been found in SAP and contains data (should be the case) to retrieve the article number sent by SAP
                                        	if (etRequirementsFound !== undefined &&
                                        		etRequirementsFound.item !== undefined &&
                                        		etRequirementsFound.item[0] !== undefined) {
                                        		articleNumberRetrievedFromSap = etRequirementsFound.item[0].Matnr;
                                        	} else {
                                        		articleNumberRetrievedFromSap = "ARTICLE_NOT_FOUND_OR_HAS_NO_DATA_IN_SAP";
                                        		if(me.Logger)
                                                	logger.debug(me.name + ' - getSapInfoForExportFromSoapService - Article ' + articleNumber + ' not found or without data in SAP');
                                        	}
                                        }
                                        
                                        //logger.warn("JSON.stringify : "+ JSON.stringify(stockLevelInfoForExport_infotable.ToJSON().dataShape.fieldDefinitions));
                                        //fields = supplierInfoForExport_infotable.ToJSON().dataShape.fieldDefinitions;
                                        //fields = supplierInfoPerPlantForExport_infotable.ToJSON().dataShape.fieldDefinitions;
                                        
                                        sapInfoForExport_infotable_entry.ArticleNumber = articleNumberRetrievedFromSap;
                                        sapInfoForExport_infotable_entry.StockLevelInfoForExport = stockLevelInfoForExport_infotable;
                                        sapInfoForExport_infotable_entry.SupplierInfoForExport = supplierInfoForExport_infotable;
                                        sapInfoForExport_infotable_entry.SupplierInfoPerPlantForExport = supplierInfoPerPlantForExport_infotable;
                                        sapInfoForExport_infotable.AddRow(sapInfoForExport_infotable_entry);
                                        
                                        if(me.Logger)
                                        	logger.debug(me.name + ' - getSapInfoForExportFromSoapService - Service execution finished for article ' + articleNumber);
                                        
                                        result = sapInfoForExport_infotable;
                                        ]]>
                                        </code>
                                    </Row>
                                </Rows>
                            </ConfigurationTable>
                        </ConfigurationTables>
                    </ServiceImplementation>
                    <ServiceImplementation
                     description=""
                     handlerName="Script"
                     name="getSapInfoFromSoapService">
                        <ConfigurationTables>
                            <ConfigurationTable
                             dataShapeName=""
                             description=""
                             isMultiRow="false"
                             name="Script"
                             ordinal="0">
                                <DataShape>
                                    <FieldDefinitions>
                                        <FieldDefinition
                                         baseType="STRING"
                                         description="code"
                                         name="code"
                                         ordinal="0"></FieldDefinition>
                                    </FieldDefinitions>
                                </DataShape>
                                <Rows>
                                    <Row>
                                        <code>
                                        <![CDATA[
                                        //Service written by Harald Fiedler - PTC Customer Success
                                        if(me.Logger)
                                        	logger.debug(me.name + ' - getSapInfoFromSoapService - Service execution started for article ' + articleNumber);
                                        
                                        var stockLevelInfo_infotable = me.getSapStockLevelInfoFromSoapService({
                                        	articleNumber: articleNumber /* STRING */
                                        });
                                        
                                        var supplierInfo_infotable = me.getSapSupplierInfoFromSoapService({
                                        	articleNumber: articleNumber /* STRING */
                                        });
                                        
                                        var supplierInfoPerPlant_infotable = me.getSapSupplierInfoPerPlantFromSoapService({
                                        	articleNumber: articleNumber /* STRING */
                                        });
                                        
                                        //B - Create all infotables needed for storing the data retrieved from SAP.
                                        var paramsForSapInfo_infotable = {
                                        	infoTableName: "InfoTable",
                                        	dataShapeName: "SapInfoDatashape"
                                        };
                                        // CreateInfoTableFromDataShape(infoTableName:STRING("InfoTable"), dataShapeName:STRING):INFOTABLE(SapInfoDatashape)
                                        var sapInfo_infotable = Resources["InfoTableFunctions"].CreateInfoTableFromDataShape(paramsForSapInfo_infotable);
                                        
                                        //F- Finally filling the global SAP infotable
                                        var sapInfo_infotable_entry = new Object();
                                        sapInfo_infotable_entry.articleNumber = articleNumber;
                                        sapInfo_infotable_entry.StockLevelInfo = stockLevelInfo_infotable;
                                        sapInfo_infotable_entry.SupplierInfo = supplierInfo_infotable;
                                        sapInfo_infotable_entry.SupplierInfoPerPlant = supplierInfoPerPlant_infotable;
                                        sapInfo_infotable.AddRow(sapInfo_infotable_entry);
                                        
                                        if(me.Logger)
                                        	logger.debug(me.name + ' - getSapInfoFromSoapService - Service execution finished for article ' + articleNumber);
                                        
                                        result = sapInfo_infotable;
                                        ]]>
                                        </code>
                                    </Row>
                                </Rows>
                            </ConfigurationTable>
                        </ConfigurationTables>
                    </ServiceImplementation>
                    <ServiceImplementation
                     description=""
                     handlerName="Script"
                     name="getSapStockLevelInfoFromSoapService">
                        <ConfigurationTables>
                            <ConfigurationTable
                             dataShapeName=""
                             description=""
                             isMultiRow="false"
                             name="Script"
                             ordinal="0">
                                <DataShape>
                                    <FieldDefinitions>
                                        <FieldDefinition
                                         baseType="STRING"
                                         description="code"
                                         name="code"
                                         ordinal="0"></FieldDefinition>
                                    </FieldDefinitions>
                                </DataShape>
                                <Rows>
                                    <Row>
                                        <code>
                                        <![CDATA[
                                        //Service written by Harald Fiedler - PTC Customer Success
                                        if(me.Logger)
                                        	logger.debug(me.name + ' - getSapStockLevelInfoFromSoapService - Service execution started for article '+ articleNumber);
                                        
                                        //A - Call the service getSapXmlFromSoapService to get the XML response from the SAP webservice
                                        var xmlInput =  me.getSapXmlFromSoapService({
                                        	articleNumber: articleNumber /* STRING */
                                        });
                                        
                                        //B - Call the service parseStockLevelInfoFromXML to parse xmlInput
                                        var stockLevelInfo_infotable =  me.parseStockLevelInfoFromXML({
                                        	xmlInput: xmlInput /* XML */
                                        });
                                        
                                        if(me.Logger)
                                        	logger.debug(me.name + ' - getSapStockLevelInfoFromSoapService - Service execution finished for article '+ articleNumber);
                                        
                                        result = stockLevelInfo_infotable;
                                        ]]>
                                        </code>
                                    </Row>
                                </Rows>
                            </ConfigurationTable>
                        </ConfigurationTables>
                    </ServiceImplementation>
                    <ServiceImplementation
                     description=""
                     handlerName="Script"
                     name="getSapSupplierInfoFromSoapService">
                        <ConfigurationTables>
                            <ConfigurationTable
                             dataShapeName=""
                             description=""
                             isMultiRow="false"
                             name="Script"
                             ordinal="0">
                                <DataShape>
                                    <FieldDefinitions>
                                        <FieldDefinition
                                         baseType="STRING"
                                         description="code"
                                         name="code"
                                         ordinal="0"></FieldDefinition>
                                    </FieldDefinitions>
                                </DataShape>
                                <Rows>
                                    <Row>
                                        <code>
                                        <![CDATA[
                                        //Service written by Harald Fiedler - PTC Customer Success
                                        if(me.Logger)
                                        	logger.debug(me.name + ' - getSapSupplierInfoFromSoapService - Function execution started for article ' + articleNumber);
                                        
                                        //A - Call the service getSapXmlFromSoapService to get the XML response from the SAP webservice
                                        var xmlInput = me.getSapXmlFromSoapServicetForSupplierInfo({
                                        	articleNumber: articleNumber /* STRING */
                                        });
                                        
                                        //B - Call the service parseSupplierInfoFromXML to parse xmlInput
                                        var supplierInfoPerPlant_infotable =  me.parseSupplierInfoFromXML({
                                        	xmlInput: xmlInput /* XML */
                                        });
                                        
                                        if(me.Logger)
                                        	logger.debug(me.name + ' - getSapSupplierInfoFromSoapService - Function execution finished for article ' + articleNumber);
                                        
                                        result = supplierInfoPerPlant_infotable;
                                        ]]>
                                        </code>
                                    </Row>
                                </Rows>
                            </ConfigurationTable>
                        </ConfigurationTables>
                    </ServiceImplementation>
                    <ServiceImplementation
                     description=""
                     handlerName="Script"
                     name="getSapSupplierInfoPerPlantFromSoapService">
                        <ConfigurationTables>
                            <ConfigurationTable
                             dataShapeName=""
                             description=""
                             isMultiRow="false"
                             name="Script"
                             ordinal="0">
                                <DataShape>
                                    <FieldDefinitions>
                                        <FieldDefinition
                                         baseType="STRING"
                                         description="code"
                                         name="code"
                                         ordinal="0"></FieldDefinition>
                                    </FieldDefinitions>
                                </DataShape>
                                <Rows>
                                    <Row>
                                        <code>
                                        <![CDATA[
                                        //Service written by Harald Fiedler - PTC Customer Success
                                        if(me.Logger)
                                        	logger.debug(me.name + ' - getSapSupplierInfoPerPlantFromSoapService - Function execution started for article ' + articleNumber);
                                        
                                        //A - Call the service getSapXmlFromSoapService to get the XML response from the SAP webservice
                                        var xmlInput = me.getSapXmlFromSoapServiceForSupplierInfoPerPlant({
                                        	articleNumber: articleNumber /* STRING */
                                        });
                                        
                                        var supplierInfoPerPlant_infotable =  me.parseSupplierInfoPerPlantFromXML({
                                        	xmlInput: xmlInput /* XML */
                                        });
                                        if(me.Logger)
                                        	logger.debug(me.name + ' - getSapSupplierInfoPerPlantFromSoapService - Function execution finished for article ' + articleNumber);
                                        
                                        result = supplierInfoPerPlant_infotable;
                                        ]]>
                                        </code>
                                    </Row>
                                </Rows>
                            </ConfigurationTable>
                        </ConfigurationTables>
                    </ServiceImplementation>
                    <ServiceImplementation
                     description=""
                     handlerName="Script"
                     name="getSapXmlFromSoapService">
                        <ConfigurationTables>
                            <ConfigurationTable
                             dataShapeName=""
                             description=""
                             isMultiRow="false"
                             name="Script"
                             ordinal="0">
                                <DataShape>
                                    <FieldDefinitions>
                                        <FieldDefinition
                                         baseType="STRING"
                                         description="code"
                                         name="code"
                                         ordinal="0"></FieldDefinition>
                                    </FieldDefinitions>
                                </DataShape>
                                <Rows>
                                    <Row>
                                        <code>
                                        <![CDATA[
                                        //Service written by Harald Fiedler - PTC Customer Success
                                        if(me.Logger)
                                        	logger.debug(me.name + ' - getSapXmlFromSoapService - Service execution started for article ' + articleNumber);
                                        
                                        var SapSoapWebserviceRequestString =
                                        	"<soapenv:Envelope xmlns:soapenv='http://schemas.xmlsoap.org/soap/envelope/' xmlns:urn='urn:sap-com:document:sap:soap:functions:mc-style'>" +
                                        	"   <soapenv:Header/>" +
                                        	"   <soapenv:Body>" +
                                        	"      <urn:ZzpStockAndSuplierInfo>" +
                                        	"         <EtRequirementsFound/>" +
                                        	"         <GtFertigungsort/>" +
                                        	"         <IMaterial>" + articleNumber + "</IMaterial>" +
                                        	"         <ItDelkz/>" +
                                        	"      </urn:ZzpStockAndSuplierInfo>" +
                                        	"   </soapenv:Body>" +
                                        	"</soapenv:Envelope>";
                                        var paramsForSapSoapWebserviceRequest = {
                                        	url: me.URL,
                                        	content: SapSoapWebserviceRequestString,
                                        	password: me.Password,
                                        	username: me.Username
                                        };
                                        var sapSoapWebserviceResponse;
                                        try {
                                        	sapSoapWebserviceResponse = Resources['ContentLoaderFunctions'].PostXML(paramsForSapSoapWebserviceRequest);
                                        } catch (err) {
                                        	logger.error(me.name + ' - getSapXmlFromSoapService - Error named ' + err.name + ' has been thrown while executing service for article ' + articleNumber + ' .Error message: ' + err.message);
                                        }
                                        
                                        if(me.Logger)
                                        	logger.debug(me.name + ' - getSapXmlFromSoapService - Service execution finished for article ' + articleNumber);
                                        
                                        var result = sapSoapWebserviceResponse;
                                        ]]>
                                        </code>
                                    </Row>
                                </Rows>
                            </ConfigurationTable>
                        </ConfigurationTables>
                    </ServiceImplementation>
                    <ServiceImplementation
                     description=""
                     handlerName="Script"
                     name="getSapXmlFromSoapServiceForSupplierInfoPerPlant">
                        <ConfigurationTables>
                            <ConfigurationTable
                             dataShapeName=""
                             description=""
                             isMultiRow="false"
                             name="Script"
                             ordinal="0">
                                <DataShape>
                                    <FieldDefinitions>
                                        <FieldDefinition
                                         baseType="STRING"
                                         description="code"
                                         name="code"
                                         ordinal="0"></FieldDefinition>
                                    </FieldDefinitions>
                                </DataShape>
                                <Rows>
                                    <Row>
                                        <code>
                                        <![CDATA[
                                        //Service written by Harald Fiedler - PTC Customer Success
                                        if(me.Logger)
                                        	logger.debug("getSapXmlFromSoapServiceSupplierInfoPerPlant_test>>>" + ' - getSapXmlFromSoapService - Service execution started for article ' + articleNumber);
                                        
                                        var SapSoapWebserviceRequestString =
                                        	'<soap:Envelope xmlns:xsi="http://www.w3.org/2001/XMLSchema-instance" xmlns:xsd="http://www.w3.org/2001/XMLSchema" xmlns:soap="http://schemas.xmlsoap.org/soap/envelope/" xmlns:urn="urn:sap-com:document:sap:soap:functions:mc-style" >'+
                                        '   <soap:Header/>'+
                                        '   <soap:Body>'+
                                        '     <urn:ZzpSupplierInfoPerPlant>'+
                                        '         <EtMdbs>'+
                                        '            <!--Zero or more repetitions:-->'+
                                        '           <item>'+
                                        '               <Mandt></Mandt>'+
                                        '              <Ebeln></Ebeln>'+
                                        '               <Ebelp></Ebelp>'+
                                        '               <Matnr></Matnr>'+
                                        '               <Werks></Werks>'+
                                        '               <Lgort></Lgort>'+
                                        '               <Bstyp></Bstyp>'+
                                        '               <Eindt></Eindt>'+
                                        '               <Menge></Menge>'+
                                        '               <Lifnr></Lifnr>'+
                                        '               <Name1></Name1>'+
                                        '               <Kraus></Kraus>'+
                                        '            </item>'+
                                        '         </EtMdbs>'+
                                        '         <!--Optional:-->'+
                                        '         <IMaterial>'+articleNumber+'</IMaterial>'+
                                        '      </urn:ZzpSupplierInfoPerPlant>'+
                                        '   </soap:Body>'+
                                        '</soap:Envelope>';
                                        
                                        
                                        
                                        
                                        var paramsForSapSoapWebserviceRequest = {
                                        	url: me.URL_SUPPLIER_INFO_PER_PLANT,
                                        	content: SapSoapWebserviceRequestString,
                                        	password: me.Password,
                                        	username: me.Username
                                        };
                                        var sapSoapWebserviceResponse;
                                        try {
                                        	sapSoapWebserviceResponse = Resources['ContentLoaderFunctions'].PostXML(paramsForSapSoapWebserviceRequest);
                                            
                                        } catch (err) {
                                            logger.error(err);
                                        	logger.error(me.name + ' - getSapXmlFromSoapService - Error named ' + err.name + ' has been thrown while executing service for article ' + articleNumber + ' .Error message: ' + err.message);
                                        }
                                        if(me.Logger)
                                        	logger.debug(me.name + ' - getSapXmlFromSoapService - Service execution finished for article ' + articleNumber);
                                        
                                        var result = sapSoapWebserviceResponse;
                                        ]]>
                                        </code>
                                    </Row>
                                </Rows>
                            </ConfigurationTable>
                        </ConfigurationTables>
                    </ServiceImplementation>
                    <ServiceImplementation
                     description=""
                     handlerName="Script"
                     name="getSapXmlFromSoapServicetForSupplierInfo">
                        <ConfigurationTables>
                            <ConfigurationTable
                             dataShapeName=""
                             description=""
                             isMultiRow="false"
                             name="Script"
                             ordinal="0">
                                <DataShape>
                                    <FieldDefinitions>
                                        <FieldDefinition
                                         baseType="STRING"
                                         description="code"
                                         name="code"
                                         ordinal="0"></FieldDefinition>
                                    </FieldDefinitions>
                                </DataShape>
                                <Rows>
                                    <Row>
                                        <code>
                                        <![CDATA[
                                        //Service written by Harald Fiedler - PTC Customer Success
                                        if(me.Logger)
                                        	logger.debug(me.name + ' - getSapXmlFromSoapService - Service execution started for article ' + articleNumber);
                                        
                                        var SapSoapWebserviceRequestString =
                                        	'<soap:Envelope xmlns:xsi="http://www.w3.org/2001/XMLSchema-instance" xmlns:xsd="http://www.w3.org/2001/XMLSchema" xmlns:soap="http://schemas.xmlsoap.org/soap/envelope/" xmlns:urn="urn:sap-com:document:sap:soap:functions:mc-style" >'+
                                        	"	<soap:Header/>"	+
                                            "	<soap:Body>		"	+
                                            "  		<urn:ZzpSupplierInfo>		"	+
                                            "  		     <EtMdbsInfo>		"	+
                                            "  		        <item>		"	+
                                            "  		           <Mandt></Mandt>		"	+
                                            "  		           <Matnr></Matnr>		"	+
                                            "  		           <Bstyp></Bstyp>		"	+
                                            "  		           <Wemng></Wemng>		"	+
                                            "  		           <Lifnr></Lifnr>		"	+
                                            "  		           <Name1></Name1>		"	+
                                            "  		           <Kraus></Kraus>		"	+
                                            "  		        </item>		"	+
                                            "  		     </EtMdbsInfo>		"	+
                                            "  		     <IMaterial>"+articleNumber+"</IMaterial>		"	+
                                            "  		  </urn:ZzpSupplierInfo>		"	+
                                        	"	</soap:Body>		"	+
                                        "</soap:Envelope>"	;
                                        
                                        var paramsForSapSoapWebserviceRequest = {
                                        	url: me.URL_SUPPLIER_INFO,
                                        	content: SapSoapWebserviceRequestString,
                                        	password: me.Password,
                                        	username: me.Username
                                        };
                                        var sapSoapWebserviceResponse;
                                        try {
                                        	sapSoapWebserviceResponse = Resources['ContentLoaderFunctions'].PostXML(paramsForSapSoapWebserviceRequest);
                                            
                                        } catch (err) {
                                            logger.error(err);
                                        	logger.error(me.name + ' - getSapXmlFromSoapService - Error named ' + err.name + ' has been thrown while executing service for article ' + articleNumber + ' .Error message: ' + err.message);
                                        }
                                        if(me.Logger)
                                        	logger.debug(me.name + ' - getSapXmlFromSoapService - Service execution finished for article ' + articleNumber);
                                        
                                        var result = sapSoapWebserviceResponse;
                                        ]]>
                                        </code>
                                    </Row>
                                </Rows>
                            </ConfigurationTable>
                        </ConfigurationTables>
                    </ServiceImplementation>
                    <ServiceImplementation
                     description=""
                     handlerName="Script"
                     name="parseStockLevelInfoForExportFromXML">
                        <ConfigurationTables>
                            <ConfigurationTable
                             dataShapeName=""
                             description=""
                             isMultiRow="false"
                             name="Script"
                             ordinal="0">
                                <DataShape>
                                    <FieldDefinitions>
                                        <FieldDefinition
                                         baseType="STRING"
                                         description="code"
                                         name="code"
                                         ordinal="0"></FieldDefinition>
                                    </FieldDefinitions>
                                </DataShape>
                                <Rows>
                                    <Row>
                                        <code>
                                        <![CDATA[
                                        //Service written by Harald Fiedler - PTC Customer Success
                                        if(me.Logger)
                                        	logger.debug(me.name + ' - parseStockLevelInfoForExportFromXML - Service execution started');
                                        
                                        var paramsForStockLevelInfoForExport_infotable = {
                                        	infoTableName: "InfoTable",
                                        	dataShapeName: "StockLevelInfoDatashapeForExport"
                                        };
                                        // CreateInfoTableFromDataShape(infoTableName:STRING("InfoTable"), dataShapeName:STRING):INFOTABLE(StockLevelInfoDatashapeForExport)
                                        var stockLevelInfoForExport_infotable = Resources["InfoTableFunctions"].CreateInfoTableFromDataShape(paramsForStockLevelInfoForExport_infotable);
                                        var xmlListEtRequirements;
                                        
                                        if(me.Logger)
                                        	logger.debug(me.name + ' - parseStockLevelInfoForExportFromXML - Start parsing XML');
                                        //Parse the information from the table EtRequirementsFound into the stockLevelInfoForExport_infotable
                                        //1 - Get the content of EtRequirementsFound if it exists.
                                        if (xmlInput !== undefined && xmlInput !== "") {
                                        	xmlListEtRequirements = xmlInput.*::Body.*::["ZzpStockAndSuplierInfoResponse"].EtRequirementsFound.item;
                                        	//2 - Iterate over the content of EtRequirementsFound
                                        	for (var i = 0; i < xmlListEtRequirements.length(); i++) {
                                        		//3 - For every element in EtRequirementsFound, create a StockLevelInfoDatashapeForExport entry object
                                        		var stockLevelInfoForExport_infotable_entry = new Object();
                                        
                                        		stockLevelInfoForExport_infotable_entry.SAPPlantId = xmlListEtRequirements[i].Werks;
                                        		stockLevelInfoForExport_infotable_entry.SAPPlantName = xmlListEtRequirements[i].Werkn;
                                        		if (xmlListEtRequirements[i].Prcsi !== undefined && xmlListEtRequirements[i].Prcsi.equals("X")) {
                                        			stockLevelInfoForExport_infotable_entry.IsProcurementSite = true;
                                        		} else {
                                        			stockLevelInfoForExport_infotable_entry.IsProcurementSite = "";
                                        		}
                                        		stockLevelInfoForExport_infotable_entry.SAPDispositionArea = xmlListEtRequirements[i].Berid;
                                        		//Getting the disposition full name from a ThingWorx DataTable used for mapping as SAP does not provide this info, if not found write into result
                                        		stockLevelInfoForExport_infotable_entry.TypeOfDisposition = xmlListEtRequirements[i].Delkz.trim();
                                        		if (xmlListEtRequirements[i].Delkz.trim() !== undefined && xmlListEtRequirements[i].Delkz.trim() !== "") {
                                        			try {
                                        				stockLevelInfoForExport_infotable_entry.TypeOfDisposition =
                                        					Things["MatchDispoElementAbreviationToNameDataTable"].GetDataTableEntryByKey({
                                        						key: xmlListEtRequirements[i].Delkz /* STRING */
                                        					}).DispoElementName;
                                        			} catch (err) {
                                        				logger.error(me.name + ' - parseStockLevelInfoForExportFromXML - Unknown type of disposition ' + xmlListEtRequirements[i].Delkz.trim());
                                        				stockLevelInfoForExport_infotable_entry.TypeOfDisposition = "Unknown type of disposition " + xmlListEtRequirements[i].Delkz.trim();
                                        			}
                                        		}
                                        		var quantity = xmlListEtRequirements[i].Menge;
                                        		if (!isNaN(quantity)) {
                                        			stockLevelInfoForExport_infotable_entry.Quantity = quantity;
                                        		} else {
                                        			stockLevelInfoForExport_infotable_entry.Quantity = "";
                                        		}
                                        		stockLevelInfoForExport_infotable_entry.Date = xmlListEtRequirements[i].Dat00;
                                        		stockLevelInfoForExport_infotable_entry.QuantityOnStock = xmlListEtRequirements[i].Bestm;
                                        
                                        		//5 - Finally adding the parsed element of EtRequirementsFound to the infotable stockLevelInfoForExport_infotable
                                        		stockLevelInfoForExport_infotable.AddRow(stockLevelInfoForExport_infotable_entry);
                                        	}
                                        }
                                        
                                        if(me.Logger)
                                        	logger.debug(me.name + ' - parseStockLevelInfoForExportFromXML - Service execution finished');
                                        
                                        result = stockLevelInfoForExport_infotable;
                                        ]]>
                                        </code>
                                    </Row>
                                </Rows>
                            </ConfigurationTable>
                        </ConfigurationTables>
                    </ServiceImplementation>
                    <ServiceImplementation
                     description=""
                     handlerName="Script"
                     name="parseStockLevelInfoFromXML">
                        <ConfigurationTables>
                            <ConfigurationTable
                             dataShapeName=""
                             description=""
                             isMultiRow="false"
                             name="Script"
                             ordinal="0">
                                <DataShape>
                                    <FieldDefinitions>
                                        <FieldDefinition
                                         baseType="STRING"
                                         description="code"
                                         name="code"
                                         ordinal="0"></FieldDefinition>
                                    </FieldDefinitions>
                                </DataShape>
                                <Rows>
                                    <Row>
                                        <code>
                                        <![CDATA[
                                        //Service written by Harald Fiedler - PTC Customer Success
                                        if (me.Logger)
                                        	logger.debug(me.name + ' - parseStockLevelInfoFromXML - Service execution started');
                                        
                                        //A - Create stockLevelInfo_infotable needed for storing the data retrieved from SAP.
                                        var paramsForStockLevelInfo_infotable = {
                                        	infoTableName: "InfoTable",
                                        	dataShapeName: "StockLevelInfoDatashape"
                                        };
                                        
                                        // CreateInfoTableFromDataShape(infoTableName:STRING("InfoTable"), dataShapeName:STRING):INFOTABLE(StockLevelInfoDatashape)
                                        var stockLevelInfo_infotable = Resources["InfoTableFunctions"].CreateInfoTableFromDataShape(paramsForStockLevelInfo_infotable);
                                        
                                        // CreateInfoTableFromDataShape(infoTableName:STRING("InfoTable"), dataShapeName:STRING):INFOTABLE(StockLevelInfoDatashape)
                                        var stockLevelInfo_potentialParents_infotable = Resources["InfoTableFunctions"].CreateInfoTableFromDataShape(paramsForStockLevelInfo_infotable);
                                        
                                        //B - Create further variables needed for parsing the XML to infotables
                                        //XmlList which will contain the parsed content of the array EtRequirementsFound
                                        var xmlListEtRequirements;
                                        
                                        //Array used to store all plants which have disposition elements
                                        var arrayOfPlantsWithChildElements = [];
                                        
                                        //Array used to store all parents
                                        var arrayOfParentPlants = [];
                                        if (me.Logger)
                                        	logger.debug(me.name + ' - parseStockLevelInfoFromXML - Start parsing XML');
                                        //C - Parse the information from the table EtRequirementsFound into the stockLevelInfo_infotable
                                        //C.1 - Get the content of EtRequirementsFound if it exists.
                                        if (xmlInput !== undefined && xmlInput !== "") {
                                        	xmlListEtRequirements = xmlInput.*::Body.*::["ZzpStockAndSuplierInfoResponse"].EtRequirementsFound.item;
                                        
                                        	//C.2 - Iterate over the content of EtRequirementsFound
                                        	for (var i = 0; i < xmlListEtRequirements.length(); i++) {
                                        
                                        		//C.3 - For every element in EtRequirementsFound, create a StockLevelInfoDatashape entry object
                                        		var stockLevelInfo_infotable_entry = new Object();
                                        
                                        		//C.3.1 - If the disposition element is empty then the information is about a SAP plant or a disposition area, thus fetch relevant attributes
                                        		if (xmlListEtRequirements[i].Delkz === undefined || xmlListEtRequirements[i].Delkz.equals("")) {
                                        
                                        			//If the element is a SAP plant fetch some attributes which are only relevant for it
                                        			if (xmlListEtRequirements[i].Werks.equals(xmlListEtRequirements[i].Berid)) {
                                        				stockLevelInfo_infotable_entry.SAPPlantId = xmlListEtRequirements[i].Werks.trim();
                                        				stockLevelInfo_infotable_entry.SAPPlantName = xmlListEtRequirements[i].Werkn.trim();
                                        				stockLevelInfo_infotable_entry.QuantityOnStock = xmlListEtRequirements[i].Bestm.trim();
                                        
                                        				if (xmlListEtRequirements[i].Prcsi !== undefined && xmlListEtRequirements[i].Prcsi.equals("X")) {
                                        					stockLevelInfo_infotable_entry.IsProcurementSite = true;
                                        				}
                                        				arrayOfParentPlants.push(xmlListEtRequirements[i].Werks.trim());
                                        
                                        				//If the element is a disposition area fetch some attributes which are only relevant for it
                                        			} else {
                                        				stockLevelInfo_infotable_entry.ParentId = xmlListEtRequirements[i].Werks.trim();
                                        				stockLevelInfo_infotable_entry.IsProcurementSite = false;
                                        			}
                                        
                                        			//Fetch common fields
                                        			stockLevelInfo_infotable_entry.Date = xmlListEtRequirements[i].Dat00.trim();
                                        			stockLevelInfo_infotable_entry.SAPDispositionArea = xmlListEtRequirements[i].Berid.trim();
                                        			stockLevelInfo_infotable_entry.SAPDispositionArea_Label = xmlListEtRequirements[i].Berid.trim();
                                        			//logger.info(" SAPDispositionArea -> " + xmlListEtRequirements[i].Berid.trim());
                                        			//Do not show quantity "0" in table for SAP plants/disposition areas
                                        			var quantity = xmlListEtRequirements[i].Menge.trim();
                                        			if (!isNaN(quantity) && !quantity.equals("0")) {
                                        				stockLevelInfo_infotable_entry.Quantity = quantity;
                                        			}
                                        
                                        			//B.3.2 - Else the info is about a disposition element for a plant, thus fetch relevant attributes
                                        		} else {
                                        
                                        			//Adding the plant to which this disposition element belongs to array of plants with dispositionelements and generate a potential parent for it
                                        			if (xmlListEtRequirements[i].Werks !== undefined && !xmlListEtRequirements[i].Werks.equals("") && arrayOfPlantsWithChildElements.indexOf(xmlListEtRequirements[i].Werks.trim()) === -1) {
                                        				arrayOfPlantsWithChildElements.push(xmlListEtRequirements[i].Werks.trim());
                                        
                                        				//Generate a potential parent item with only relevant fields
                                        				var stockLevelInfo_infotable_potentialParents_entry = new Object();
                                        				stockLevelInfo_infotable_potentialParents_entry.HasChildren = true;
                                        				stockLevelInfo_infotable_potentialParents_entry.SAPPlantId = xmlListEtRequirements[i].Werks.trim();
                                        				stockLevelInfo_infotable_potentialParents_entry.SAPPlantName = xmlListEtRequirements[i].Werkn.trim();
                                        				if (xmlListEtRequirements[i].Prcsi !== undefined && xmlListEtRequirements[i].Prcsi.equals("X")) {
                                        					stockLevelInfo_infotable_potentialParents_entry.IsProcurementSite = true;
                                        				}
                                        
                                        				stockLevelInfo_infotable_potentialParents_entry.SAPDispositionArea = xmlListEtRequirements[i].Berid.trim();
                                        				stockLevelInfo_infotable_potentialParents_entry.SAPDispositionArea_Label = xmlListEtRequirements[i].Berid.trim();
                                        				stockLevelInfo_infotable_potentialParents_entry.QuantityOnStock = xmlListEtRequirements[i].Bestm.trim();
                                        				stockLevelInfo_potentialParents_infotable.AddRow(stockLevelInfo_infotable_potentialParents_entry);
                                        			}
                                        
                                        			//Fetch fields relevant for disposition elements
                                        			stockLevelInfo_infotable_entry.HasChildren = false;
                                        			stockLevelInfo_infotable_entry.ParentId = xmlListEtRequirements[i].Werks.trim();
                                        			stockLevelInfo_infotable_entry.TypeOfDisposition = xmlListEtRequirements[i].Delkz.trim();
                                        			//	stockLevelInfo_infotable_entry.SAPDispositionArea = xmlListEtRequirements[i].Berid.trim();
                                        			stockLevelInfo_infotable_entry.SAPDispositionArea_Label = xmlListEtRequirements[i].Berid.trim();
                                        			//Getting the SAP plant name from a ThingWorx DataTable used for mapping as SAP does not provide this info yet, if not found write into result
                                        			try {
                                        				stockLevelInfo_infotable_entry.TypeOfDisposition =
                                        					Things["MatchDispoElementAbreviationToNameDataTable"].GetDataTableEntryByKey({
                                        						key: xmlListEtRequirements[i].Delkz /* STRING */
                                        					}).DispoElementName;
                                        			} catch (err) {
                                        				logger.error(me.name + ' - parseStockLevelInfoFromXML - Unknown type of disposition ' + xmlListEtRequirements[i].Delkz.trim());
                                        				stockLevelInfo_infotable_entry.TypeOfDisposition = "Unknown type of disposition " + xmlListEtRequirements[i].Delkz.trim();
                                        			}
                                        			var quantity = xmlListEtRequirements[i].Menge.trim();
                                        			if (!isNaN(quantity)) {
                                        				stockLevelInfo_infotable_entry.Quantity = quantity;
                                        			}
                                        			stockLevelInfo_infotable_entry.Date = xmlListEtRequirements[i].Dat00.trim();
                                        		}
                                        		//B.4 - Finally adding the parsed element of EtRequirementsFound to the infotable stockLevelInfo_infotable
                                        		stockLevelInfo_infotable.AddRow(stockLevelInfo_infotable_entry);
                                        	}
                                        }
                                        if (me.Logger)
                                        	logger.debug(me.name + ' - parseStockLevelInfoFromXML - Check for parents if they have children and for children if they have a parent');
                                        
                                        //C - Iterating through the whole infotable to check for plants if they are part of arrayOfPlantsWithChildElements and for children if they have a parent
                                        var stockLevelInfo_infotable_Length = stockLevelInfo_infotable.rows.length;
                                        for (var x = 0; x < stockLevelInfo_infotable_Length; x++) {
                                        	var row = stockLevelInfo_infotable.rows[x];
                                        
                                        	//Check whether an element is a parent element with children and mark it as such if so
                                        	if (row.SAPPlantId !== undefined && row.SAPPlantId !== "" && row.SAPDispositionArea !== undefined && row.SAPDispositionArea !== "" &&
                                        		row.SAPPlantId.equals(row.SAPDispositionArea)) {
                                        		if (row.TypeOfDisposition === undefined || row.TypeOfDisposition.equals("") &&
                                        			(arrayOfPlantsWithChildElements.indexOf(row.SAPPlantId) > -1)) {
                                        			row.HasChildren = true;
                                        		}
                                        	}
                                        
                                        	//Check whether an element is a child element with a non-existing parent and generate that parent if so
                                        	if ((row.SAPPlantId === undefined || row.SAPPlantId === "") &&
                                        		row.ParentId !== undefined && !row.ParentId.equals("") &&
                                        		arrayOfParentPlants.indexOf(row.ParentId) === -1) {
                                        		stockLevelInfo_infotable.AddRow(stockLevelInfo_potentialParents_infotable.getRow(arrayOfPlantsWithChildElements.indexOf(row.ParentId)));
                                        		// Add generated parent to list of parent plants to avoid adding it multiple times
                                        		arrayOfParentPlants.push(row.ParentId);
                                        	}
                                        }
                                        
                                        var stockLevelInfo_infotable_Length = stockLevelInfo_infotable.rows.length;
                                        for (var x = 0; x < stockLevelInfo_infotable_Length; x++) {
                                        	var row = stockLevelInfo_infotable.rows[x];
                                        
                                        	if (row.SAPPlantId != undefined && row.SAPPlantId != '') {
                                        		var plantQueryparams = {
                                        			fieldName: 'ParentId' /* STRING */ ,
                                        			isCaseSensitive: false /* BOOLEAN */ ,
                                        			t: stockLevelInfo_infotable /* INFOTABLE */ ,
                                        			value: row.SAPPlantId /* STRING */
                                        		};
                                        
                                        		// result: INFOTABLE
                                        		var searchResult = Resources["InfoTableFunctions"].EQFilter(plantQueryparams);
                                        
                                        		if (searchResult.rows.length > 0) {
                                        			row.HasChildren = true;
                                        		} else {
                                        			row.HasChildren = false;
                                        		}
                                        	}
                                        }
                                        if (me.Logger)
                                        	logger.debug(me.name + ' - parseStockLevelInfoFromXML - Service execution finished');
                                        
                                        result = stockLevelInfo_infotable;
                                        ]]>
                                        </code>
                                    </Row>
                                </Rows>
                            </ConfigurationTable>
                        </ConfigurationTables>
                    </ServiceImplementation>
                    <ServiceImplementation
                     description=""
                     handlerName="Script"
                     name="parseSupplierInfoFromXML">
                        <ConfigurationTables>
                            <ConfigurationTable
                             dataShapeName=""
                             description=""
                             isMultiRow="false"
                             name="Script"
                             ordinal="0">
                                <DataShape>
                                    <FieldDefinitions>
                                        <FieldDefinition
                                         baseType="STRING"
                                         description="code"
                                         name="code"
                                         ordinal="0"></FieldDefinition>
                                    </FieldDefinitions>
                                </DataShape>
                                <Rows>
                                    <Row>
                                        <code>
                                        <![CDATA[
                                        //Service written by Harald Fiedler - PTC Customer Success
                                        if(me.Logger)
                                        	logger.debug(me.name + ' - parseSupplierInfoFromXML - Service execution started');
                                        
                                        var paramsForsupplierInfoPerPlant_infotable = {
                                        	infoTableName: "InfoTable",
                                        	dataShapeName: "SupplierInfoDatashape"
                                        };
                                        // CreateInfoTableFromDataShape(infoTableName:STRING("InfoTable"), dataShapeName:STRING):INFOTABLE(SupplierInfoDatashape)
                                        var supplierInfoPerPlant_infotable = Resources["InfoTableFunctions"].CreateInfoTableFromDataShape(paramsForsupplierInfoPerPlant_infotable);
                                        
                                        //XmlList which will contain the parsed content of the array GtFertigungsort
                                        var xmlListGtFertigungsort;
                                        if(me.Logger)
                                        	logger.debug(me.name + ' - parseSupplierInfoFromXML - Start parsing XML');
                                        
                                        if (xmlInput !== undefined && xmlInput !== "") {
                                        	xmlListGtFertigungsort = xmlInput.*::Body.*::["ZzpSupplierInfoResponse"].EtMdbsInfo.item;
                                        	// - Iterate over the content of xmlListGtFertigungsort
                                        	for (var i = 0; i < xmlListGtFertigungsort.length(); i++) {
                                        		// - For every element in GtFertigungsort, create a SupplierInfoDatashape entry object, fill it from the current item in xmlListGtFertigungsort and add it to the infotable
                                        		var supplierInfoPerPlant_infotable_entry = new Object();
                                        
                                        		supplierInfoPerPlant_infotable_entry.DUNSNumber = xmlListGtFertigungsort[i].Kraus;
                                        		supplierInfoPerPlant_infotable_entry.SupplierName = xmlListGtFertigungsort[i].Name1;
                                        		supplierInfoPerPlant_infotable_entry.TypeOfManufacturing = xmlListGtFertigungsort[i].Bstyp;
                                        		supplierInfoPerPlant_infotable_entry.DispoRelevance = xmlListGtFertigungsort[i].Autet;
                                        		supplierInfoPerPlant_infotable_entry.SupplierOrderNumber = xmlListGtFertigungsort[i].Lifnr;
                                        		//supplierInfoPerPlant_infotable_entry.SupplierClassification = xmlListGtFertigungsort[i].Lfabc;
                                                
                                                //Do not show quantity "0" in table for SAP plants/disposition areas
                                        			var quantityLastYear = ""+xmlListGtFertigungsort[i].Zvorj;
                                        			if (quantityLastYear!== '' && !isNaN(quantityLastYear) && quantityLastYear !== "0") {
                                        				supplierInfoPerPlant_infotable_entry.QuantityLastYear = quantityLastYear;
                                        			}
                                        		//supplierInfoPerPlant_infotable_entry.QuantityLastYear = xmlListGtFertigungsort[i].Zvorj;
                                                
                                                //Do not show quantity "0" in table for SAP plants/disposition areas
                                        			var quantityCurrentYear = (''+xmlListGtFertigungsort[i].Zlfdj).trim();
                                               		var isValidQuantityCurrentYear =  quantityCurrentYear!== '' && !isNaN(quantityCurrentYear);
                                        			if (isValidQuantityCurrentYear) {
                                        				supplierInfoPerPlant_infotable_entry.QuantityCurrentYear = quantityCurrentYear;
                                        			}
                                        		//supplierInfoPerPlant_infotable_entry.QuantityCurrentYear = xmlListGtFertigungsort[i].Zlfdj;
                                        
                                        		supplierInfoPerPlant_infotable.AddRow(supplierInfoPerPlant_infotable_entry);
                                        	}
                                        }
                                        if(me.Logger)
                                        	logger.debug(me.name + ' - parseSupplierInfoFromXML - Service execution finished');
                                        
                                        result = supplierInfoPerPlant_infotable;
                                        ]]>
                                        </code>
                                    </Row>
                                </Rows>
                            </ConfigurationTable>
                        </ConfigurationTables>
                    </ServiceImplementation>
                    <ServiceImplementation
                     description=""
                     handlerName="Script"
                     name="parseSupplierInfoPerPlantFromXML">
                        <ConfigurationTables>
                            <ConfigurationTable
                             dataShapeName=""
                             description=""
                             isMultiRow="false"
                             name="Script"
                             ordinal="0">
                                <DataShape>
                                    <FieldDefinitions>
                                        <FieldDefinition
                                         baseType="STRING"
                                         description="code"
                                         name="code"
                                         ordinal="0"></FieldDefinition>
                                    </FieldDefinitions>
                                </DataShape>
                                <Rows>
                                    <Row>
                                        <code>
                                        <![CDATA[
                                        //Service written by Harald Fiedler - PTC Customer Success
                                        if(me.Logger)
                                        	logger.debug(me.name + ' - parseSupplierInfoPerPlantFromXML - Service execution started');
                                        
                                        var paramsForsupplierInfoPerPlant_infotable = {
                                        	infoTableName: "InfoTable",
                                        	dataShapeName: "SupplierInfoPerPlantDatashape"
                                        };
                                        // CreateInfoTableFromDataShape(infoTableName:STRING("InfoTable"), dataShapeName:STRING):INFOTABLE(SupplierInfoPerPlantDatashape)
                                        var supplierInfoPerPlant_infotable = Resources["InfoTableFunctions"].CreateInfoTableFromDataShape(paramsForsupplierInfoPerPlant_infotable);
                                        
                                        //XmlList which will contain the parsed content of the array GtFertigungsort
                                        var xmlListGtFertigungsort;
                                        if(me.Logger)
                                        	logger.debug(me.name + ' - parseSupplierInfoPerPlantFromXML - Start parsing XML');
                                        
                                        if (xmlInput !== undefined && xmlInput !== "") {
                                        	xmlListGtFertigungsort = xmlInput.*::Body.*::["ZzpSupplierInfoPerPlantResponse"].EtMdbs.item;
                                        	// - Iterate over the content of xmlListGtFertigungsort
                                        	for (var i = 0; i < xmlListGtFertigungsort.length(); i++) {
                                        		// - For every element in GtFertigungsort, create a SupplierInfoPerPlantDatashape entry object, fill it from the current item in xmlListGtFertigungsort and add it to the infotable
                                        		var supplierInfoPerPlant_infotable_entry = new Object();
                                        		supplierInfoPerPlant_infotable_entry.SAPPlantId = xmlListGtFertigungsort[i].Werks;
                                        		supplierInfoPerPlant_infotable_entry.SAPPlantName = xmlListGtFertigungsort[i].Werkn;
                                                var isProcSite = xmlListGtFertigungsort[i].Prcsi != undefined && xmlListGtFertigungsort[i].Prcsi == "X";
                                        		if (isProcSite) {
                                        			supplierInfoPerPlant_infotable_entry.IsProcurementSite = true;
                                        		}else{
                                                    supplierInfoPerPlant_infotable_entry.IsProcurementSite = false;
                                                }
                                        		supplierInfoPerPlant_infotable_entry.DUNSNumber = xmlListGtFertigungsort[i].Kraus;
                                        		supplierInfoPerPlant_infotable_entry.SupplierNumberAtPlant = xmlListGtFertigungsort[i].Lifnr;
                                        		supplierInfoPerPlant_infotable_entry.SupplierName = xmlListGtFertigungsort[i].Name1;
                                        		supplierInfoPerPlant_infotable_entry.TypeOfManufacturing = xmlListGtFertigungsort[i].Bstyp;
                                        		supplierInfoPerPlant_infotable_entry.DispoRelevance = xmlListGtFertigungsort[i].Autet;
                                        		//supplierInfoPerPlant_infotable_entry.SupplierOrderNumber = xmlListGtFertigungsort[i].Ebeln;//EBELN
                                        		supplierInfoPerPlant_infotable_entry.SupplierClassification = xmlListGtFertigungsort[i].Lfabc;
                                        
                                        
                                        		var quantityLastYear = "" + xmlListGtFertigungsort[i].Zvorj;
                                        		if (quantityLastYear !== '' && !isNaN(quantityLastYear) && quantityLastYear !== "0") {
                                        			supplierInfoPerPlant_infotable_entry.QuantityLastYear = quantityLastYear;
                                        		}
                                        
                                        		var quantityCurrentYear = "" + xmlListGtFertigungsort[i].Zlfdj;
                                        		if (quantityCurrentYear !== '' && !isNaN(quantityCurrentYear) && quantityCurrentYear !== "0") {
                                        			supplierInfoPerPlant_infotable_entry.QuantityCurrentYear = quantityCurrentYear;
                                        		}
                                        
                                        		supplierInfoPerPlant_infotable.AddRow(supplierInfoPerPlant_infotable_entry);
                                        	}
                                        }
                                        if(me.Logger)
                                        	logger.debug(me.name + ' - parseSupplierInfoPerPlantFromXML - Service execution finished');
                                        
                                        result = supplierInfoPerPlant_infotable;
                                        ]]>
                                        </code>
                                    </Row>
                                </Rows>
                            </ConfigurationTable>
                        </ConfigurationTables>
                    </ServiceImplementation>
                </ServiceImplementations>
                <Subscriptions></Subscriptions>
            </ThingShape>
            <ImplementedShapes></ImplementedShapes>
            <SharedConfigurationTables></SharedConfigurationTables>
            <InstanceDesignTimePermissions>
                <Create></Create>
                <Read></Read>
                <Update></Update>
                <Delete></Delete>
                <Metadata></Metadata>
            </InstanceDesignTimePermissions>
            <InstanceRunTimePermissions>
                <Permissions
                 resourceName="*">
                    <PropertyRead>
                        <Principal
                         isPermitted="true"
                         name="System"
                         type="User"></Principal>
                    </PropertyRead>
                    <PropertyWrite></PropertyWrite>
                    <ServiceInvoke>
                        <Principal
                         isPermitted="true"
                         name="System"
                         type="User"></Principal>
                    </ServiceInvoke>
                    <EventInvoke></EventInvoke>
                    <EventSubscribe></EventSubscribe>
                </Permissions>
            </InstanceRunTimePermissions>
            <InstanceVisibilityPermissions>
                <Visibility>
                    <Principal
                     isPermitted="true"
                     name="PLM4RailOrganization"
                     type="Organization"></Principal>
                </Visibility>
            </InstanceVisibilityPermissions>
        </ThingTemplate>
    </ThingTemplates>
</Entities>
