<?xml version="1.0" encoding="UTF-8"?>
<Entities
 build="b692"
 majorVersion="9"
 minorVersion="0"
 modelPersistenceProviderPackage="AzuresqlPersistenceProviderPackage"
 revision="11"
 schemaVersion="1109"
 universal="">
    <ThingTemplates>
        <ThingTemplate
         baseThingTemplate="GenericThing"
         description="Thing template which models the Connection between ThingWorx and Windchill for the stock Level and supplier Information report"
         documentationContent=""
         effectiveThingPackage="ConfiguredThing"
         homeMashup=""
         inheritedValueStream=""
         lastModifiedDate="2021-04-12T09:44:09.091Z"
         name="WindchillRestConnectorThingTemplate"
         projectName="StockLevelReportAndSupplierInformation"
         tags="KB:StockLevelReport"
         thingPackage=""
         valueStream="">
            <avatar></avatar>
            <DesignTimePermissions>
                <Create></Create>
                <Read></Read>
                <Update></Update>
                <Delete></Delete>
                <Metadata></Metadata>
            </DesignTimePermissions>
            <RunTimePermissions></RunTimePermissions>
            <VisibilityPermissions>
                <Visibility></Visibility>
            </VisibilityPermissions>
            <ConfigurationTableDefinitions></ConfigurationTableDefinitions>
            <ConfigurationTables></ConfigurationTables>
            <PropertyBindings></PropertyBindings>
            <RemotePropertyBindings></RemotePropertyBindings>
            <RemoteServiceBindings></RemoteServiceBindings>
            <RemoteEventBindings></RemoteEventBindings>
            <AlertConfigurations>
                <AlertDefinitions
                 name="Logger"></AlertDefinitions>
                <AlertDefinitions
                 name="Password"></AlertDefinitions>
                <AlertDefinitions
                 name="URL"></AlertDefinitions>
                <AlertDefinitions
                 name="User"></AlertDefinitions>
            </AlertConfigurations>
            <ThingShape>
                <PropertyDefinitions>
                    <PropertyDefinition
                     aspect.cacheTime="0.0"
                     aspect.dataChangeType="VALUE"
                     aspect.defaultValue="false"
                     aspect.isPersistent="true"
                     baseType="BOOLEAN"
                     category=""
                     description="Use to enable and disable logger"
                     isLocalOnly="false"
                     name="Logger"
                     ordinal="5"></PropertyDefinition>
                    <PropertyDefinition
                     aspect.cacheTime="0.0"
                     aspect.dataChangeType="VALUE"
                     aspect.isPersistent="true"
                     baseType="PASSWORD"
                     category=""
                     description="Windchill user password"
                     isLocalOnly="false"
                     name="Password"
                     ordinal="3"></PropertyDefinition>
                    <PropertyDefinition
                     aspect.cacheTime="0.0"
                     aspect.dataChangeType="VALUE"
                     aspect.isPersistent="true"
                     baseType="STRING"
                     category=""
                     description="Windchill URL must be like &quot;protocol://hostname:port/Windchill&quot;. Example: &quot;http://wtdaily.corp.knorr-bremse.com:1080/Windchill&quot;."
                     isLocalOnly="false"
                     name="URL"
                     ordinal="4"></PropertyDefinition>
                    <PropertyDefinition
                     aspect.cacheTime="0.0"
                     aspect.dataChangeType="VALUE"
                     aspect.defaultValue="StockLevelReport_WT_TW_integration"
                     aspect.isPersistent="true"
                     baseType="STRING"
                     category=""
                     description="Windchill username"
                     isLocalOnly="false"
                     name="User"
                     ordinal="2"></PropertyDefinition>
                </PropertyDefinitions>
                <ServiceDefinitions>
                    <ServiceDefinition
                     aspect.isAsync="false"
                     category="get"
                     description="Queries Windchill endpoint &quot;/servlet/odata/v1/ProdMgmt/Parts&quot; with oid using pure REST (thus no integration runtime needed) and returns a WindchillPartNumberDataShape (Shape needed technically). V1 of Windchill OData REST webservice is used because of better performance (in comparison with newer versions) while providing needed functionality."
                     isAllowOverride="false"
                     isLocalOnly="false"
                     isOpen="false"
                     isPrivate="false"
                     name="getNumberFromPartByOid">
                        <ResultType
                         baseType="STRING"
                         description="Windchill article number"
                         name="result"
                         ordinal="0"></ResultType>
                        <ParameterDefinitions>
                            <FieldDefinition
                             aspect.isRequired="true"
                             baseType="STRING"
                             description="Windchill article oid"
                             name="oid"
                             ordinal="1"></FieldDefinition>
                        </ParameterDefinitions>
                    </ServiceDefinition>
                </ServiceDefinitions>
                <EventDefinitions></EventDefinitions>
                <ServiceMappings></ServiceMappings>
                <ServiceImplementations>
                    <ServiceImplementation
                     description=""
                     handlerName="Script"
                     name="getNumberFromPartByOid">
                        <ConfigurationTables>
                            <ConfigurationTable
                             dataShapeName=""
                             description=""
                             isMultiRow="false"
                             name="Script"
                             ordinal="0">
                                <DataShape>
                                    <FieldDefinitions>
                                        <FieldDefinition
                                         baseType="STRING"
                                         description="code"
                                         name="code"
                                         ordinal="0"></FieldDefinition>
                                    </FieldDefinitions>
                                </DataShape>
                                <Rows>
                                    <Row>
                                        <code>
                                        <![CDATA[
                                        //Service written by Harald Fiedler - PTC Customer Success
                                        if(me.Logger)
                                        	logger.debug(me.name + ' - getNumberFromPartByOid - Service execution started for article with oid ' + oid);
                                        
                                        // v1 version of ProdMgmt/Parts is used for better performance
                                        //"?$select=Number" is added as a query parameter to only get the Number from Windchill for the given oid
                                        var paramsForWindchillRestServiceCall = {
                                        	url: me.URL + "/servlet/odata/v1/ProdMgmt/Parts('" + oid + "')" + "?$select=Number",
                                        	password: me.Password,
                                        	username: me.User
                                        };
                                        
                                        if(me.Logger)
                                            logger.debug(me.name + ' - getNumberFromPartByOid  -WebService ' + paramsForWindchillRestServiceCall.url);
                                        
                                        var windchillPartNumber;
                                        try {
                                        	windchillPartNumber = Resources["ContentLoaderFunctions"].GetJSON(paramsForWindchillRestServiceCall).Number;
                                        	logger.debug(me.name + ' - getNumberFromPartByOid - Windchill part ' + windchillPartNumber + ' found for oid ' + oid);
                                        } catch (err) {
                                        	logger.error(me.name + ' - getNumberFromPartByOid - Error named ' + err.name + ' has been thrown while executing service for ' + oid + ' .Error message: ' + err.message);
                                        }
                                        
                                        if (windchillPartNumber === undefined) {
                                        	windchillPartNumber = "NO_WINDCHILL_PART_FOR_OID";
                                        	logger.error(me.name + ' - getNumberFromPartByOid - No Windchill part found for oid ' + oid);
                                        }
                                        if(me.Logger)
                                        	logger.debug(me.name + ' - getNumberFromPartByOid - Service execution finished for article with oid ' + oid);
                                        
                                        result = windchillPartNumber;
                                        ]]>
                                        </code>
                                    </Row>
                                </Rows>
                            </ConfigurationTable>
                        </ConfigurationTables>
                    </ServiceImplementation>
                </ServiceImplementations>
                <Subscriptions></Subscriptions>
            </ThingShape>
            <ImplementedShapes></ImplementedShapes>
            <SharedConfigurationTables></SharedConfigurationTables>
            <InstanceDesignTimePermissions>
                <Create></Create>
                <Read></Read>
                <Update></Update>
                <Delete></Delete>
                <Metadata></Metadata>
            </InstanceDesignTimePermissions>
            <InstanceRunTimePermissions>
                <Permissions
                 resourceName="*">
                    <PropertyRead>
                        <Principal
                         isPermitted="true"
                         name="System"
                         type="User"></Principal>
                    </PropertyRead>
                    <PropertyWrite></PropertyWrite>
                    <ServiceInvoke>
                        <Principal
                         isPermitted="true"
                         name="System"
                         type="User"></Principal>
                    </ServiceInvoke>
                    <EventInvoke></EventInvoke>
                    <EventSubscribe></EventSubscribe>
                </Permissions>
            </InstanceRunTimePermissions>
            <InstanceVisibilityPermissions>
                <Visibility>
                    <Principal
                     isPermitted="true"
                     name="PLM4RailOrganization"
                     type="Organization"></Principal>
                </Visibility>
            </InstanceVisibilityPermissions>
        </ThingTemplate>
    </ThingTemplates>
</Entities>
