<?xml version="1.0" encoding="UTF-8"?>
<Entities
 build="b2151"
 majorVersion="8"
 minorVersion="4"
 modelPersistenceProviderPackage="MssqlPersistenceProviderPackage"
 revision="2"
 schemaVersion="1040"
 universal="">
    <Groups>
        <Group
         description="Group used for the right management of PLM4Rail technical users"
         documentationContent=""
         homeMashup=""
         lastModifiedDate="2019-07-02T17:38:41.186+02:00"
         name="PLM4RailTechnicalUsers"
         projectName="StockLevelReportAndSupplierInformation"
         scimDisplayName=""
         scimExternalId=""
         scimId=""
         tags="">
		 <Owner name="kumaprak" type="User"/>
            <avatar></avatar>
            <DesignTimePermissions>
                <Create></Create>
                <Read></Read>
                <Update></Update>
                <Delete></Delete>
                <Metadata></Metadata>
            </DesignTimePermissions>
            <RunTimePermissions></RunTimePermissions>
            <VisibilityPermissions>
                <Visibility></Visibility>
            </VisibilityPermissions>
			<ConfigurationChanges/>
            <ConfigurationTableDefinitions></ConfigurationTableDefinitions>
            <ConfigurationTables></ConfigurationTables>
            <Members>
                <Members>
                    <Member
                     name="KBPLM4RailWindchillAppKeyUser"
                     type="User"></Member>
                </Members>
            </Members>
        </Group>
    </Groups>
</Entities>
